X1,X2,X3,X4,X5,X6,X7,X8,X9,X10,X11,X12,X13,X14,X15,X16,X17,X18,X19,X20,X21,X22,X23,X24,X25,X26,X27,X28,X29,X30,X31,X32,X33,X34,X35,X36
-0.267225757269745,-0.851273592583479,0.154298950239728,-0.305285088901334,0.163418918309822,0.240394237791328,0.198351141849505,0.124983229450408,-0.183017772943028,-0.541746836283033,-0.341676207779727,-0.377482033827472,0.111922468819619,0.208516753861652,0.1581578468529,0.0958417962192268,-0.22824092339883,-0.212082965936405,0.27414338996584,-0.44441843319668,0.0644537822989854,0.0816301058808704,0.0960523331812114,0.0295045963259963,0.0745530427426929,-0.241047254942618,0.494032848250201,0.0185161842482075,0.0958378597741136,0.111577903182841,0.173095575087563,0.0916893643745088,0.066667,-0.17949,-0.36364,-0.14286
0.200088907817917,-0.320754861028328,0.10710826632553,0.201012814828033,0.103778445112127,0.113424387625373,0.104831666619015,0.0498964286241847,0.339534381011314,-0.589134400514146,-0.216638029748613,-0.301887861313828,0.176103465742978,0.135826214191908,0.134573603519475,0.0614994355152441,-0.422600055258406,-0.457414514938257,0.291984072580747,-0.110627231974868,0.14943858473247,0.105457908800217,0.11447182320168,0.0639064347907555,0.187269966738496,-0.223212800991651,0.387478850480325,-0.251900892259706,0.183289519981752,0.138657792521373,0.15191037673573,0.0670372170006559,1,0.84615,-0.81818,-0.7619
0.136504664645958,-0.203600111991219,-0.218399309827457,0.19942157957936,0.0746072404789116,0.0805906759640536,0.103344292781858,0.0360495738839917,0.459695958445888,-0.167116049144192,-0.401525915055813,-0.274613204886916,0.251248900599176,0.155259849495442,0.189616631876739,0.0744765253756155,-0.555986932732884,-0.135513180590575,0.500817353187296,-0.119909455918423,0.220075334428384,0.125899075109104,0.163565111351437,0.0737108076437925,-0.375449818203054,-0.204970341224142,0.315277830524079,0.0467612860448086,0.177658967731746,0.0967952111687366,0.10296858351277,0.0596464073676075,0.73333,0.53846,-0.90909,-0.57143
-0.219226539989958,-0.0253447187149697,-0.334352788221187,0.126775151263036,0.085909212301683,0.0902738390604879,0.118748505167194,0.043583881998269,-0.525622387370514,-0.448386785467371,-0.560321410383427,-0.214407821147316,0.205977822161493,0.124695180316097,0.181358356523751,0.0663753632279052,-0.0621025654704632,-0.458241212760566,0.514909402117833,-0.235805238957853,0.221199416871521,0.12743567050908,0.186355256876164,0.0658031415524607,-0.409318606474437,-0.286096819820837,0.257255870484491,-0.0571276659168962,0.14537331336326,0.0926005112206461,0.0931056679677163,0.0515140268200448,0.2,0.23077,-0.72727,-0.57143
0.0124974832868297,-0.16589262028675,-0.173594537984835,0.232959459531896,0.080770470462275,0.0948019356843627,0.0758060265923962,0.0414021945410058,0.0368225696428632,-0.780820201838768,-0.173958034376706,-0.340314000543404,0.237982016492735,0.127731012410815,0.134377033701272,0.0768009553350268,-0.335227676175319,-0.535515829867222,0.102362602340824,-0.194668990464987,0.191571105100744,0.0876027271705794,0.112169151539499,0.069599230084909,-0.52771378193934,-0.179479703880341,0.153989425564815,-0.0104093150528527,0.230444376022719,0.138642347296219,0.16874193129781,0.0915500132130419,0.68889,0.38462,-0.90909,-0.61905
0.129532929764915,0.076598157057545,-0.154663188806295,0.290492916202093,0.0905627476308144,0.0917319770894386,0.119562586017901,0.044671543209571,0.297735130105164,-0.566216146434486,-0.493913362943405,-0.429017842299471,0.208161056014692,0.115411005916961,0.170741609642962,0.0691454140564181,0.176079696914243,-0.566269693401739,0.298559871930333,-0.381875263757045,0.210868503156258,0.115421920316688,0.179419742777053,0.0743736670846171,-0.205402407904283,-0.285377319590362,0.172488062852731,-0.0209289325321562,0.158786607549502,0.0986524896027882,0.103656809835351,0.0695634602558758,0.64444,0.69231,-0.81818,-0.57143
0.0204048280841807,-0.285149448349426,0.0146677339233754,0.199508283719325,0.109979063886204,0.105709792698179,0.14988000674212,0.0475101472546059,0.0324206831159573,-0.294097492335052,-0.659279454911626,-0.296752057276526,0.174742779744787,0.136294090684696,0.165349337974779,0.0557596509355336,-0.430487465937323,-0.279440967004367,0.376651883790987,-0.0761269488570944,0.159589089324256,0.129501792740628,0.176611884687115,0.0667221403790459,0.0125542939148774,-0.355148176849213,0.21354108119809,-0.117298427153357,0.128284141670015,0.0890722674390619,0.100129308869851,0.0481927723182519,0.64444,0.84615,-0.77273,-0.71429
0.0858802516219292,-0.33729680881399,0.0472103080629121,0.179267281311741,0.0972311835021591,0.082604897072339,0.179466371114113,0.0377719452026841,0.175436073928455,-0.17510804325486,-0.811519208631565,-0.284162620733662,0.19862374381633,0.133772028320435,0.230154500734335,0.0511706325843642,-0.730441482759317,-0.185632366225621,0.702146251118672,0.0340687506490717,0.178887086755615,0.141811978995054,0.245310030306928,0.0665695822967686,0.0287019639880013,-0.241517160092412,0.19711930768911,-0.0358639452873091,0.109108318334003,0.0684965442698227,0.0688679078842275,0.0350037606460427,0.46667,0.48718,-0.63636,-0.42857
-0.0920174323036095,-0.457085160201349,0.148834468764065,0.15994414715164,0.0772732106505759,0.0647992936633443,0.104150905054715,0.0378215994797293,-0.273145692833707,-0.60858150779156,-0.233817939893701,-0.313579807355555,0.229378761526348,0.130407835545816,0.180003131514256,0.0619602431485272,-1.03913926854483,-0.466091454877365,0.156043262210515,0.0659673706456313,0.147314978657123,0.0998748352008343,0.158535366305851,0.0650411404369659,0.24053693813728,-0.127301007323609,0.110929394517445,-0.168529798314237,0.168322163636709,0.0980018041968304,0.112701003201178,0.0504692921843935,0.42222,0.53846,-0.95455,-0.42857
0.182633553079776,0.18818094710926,-0.226611205772421,0.210371577771544,0.034674457452579,0.0653926098527249,0.132046550261368,0.0356282095888383,1.19850481555554,-0.0798772536942846,0.0196106012205483,-0.409560492601932,0.22754583444773,0.174197459020332,0.343253688748751,0.0978227092873975,0.410199033866849,-0.0265327883553254,0.590666984414172,-0.430368213757092,0.14254357731575,0.0578630849016356,0.188717816331975,0.0432499210194859,-0.127485460683357,0.00168116743680397,0.152441421316268,-0.0876235459246685,0.0742858908249422,0.0294262739626067,0.0487049605081301,0.0298001290702504,0.2,-0.38462,-0.59091,-0.14286
0.250287906747221,-0.0655711071612173,-0.31283032462195,0.156529817046391,0.168274092638698,0.175545962005654,0.203947405438614,0.108624704318748,0.179610463903238,-0.525525887854357,-0.244203883331778,-0.238941355889353,0.120756085399913,0.127686509432507,0.173419305126179,0.0873311795178728,-0.045138347148685,-0.504121804001124,0.273520225815601,-0.282841590532784,0.120843690408933,0.122485980176035,0.168744643049333,0.0823362693330932,-0.152391538891952,-0.165772622022568,0.193556749504013,-0.274826838548536,0.0993505313315476,0.117722013785673,0.119412246415968,0.0662935402955308,0.066667,-0.23077,-0.18182,-0.57143
-0.253618377398909,-0.973468297857668,-0.146593935640634,-0.25166607485236,0.173674711135541,0.222731143125575,0.275904358196357,0.119305390829734,-0.174690450146598,-0.560490080625768,-0.175827885496311,-0.0693079361980523,0.119625848010327,0.203791133447312,0.22821658881729,0.10318947606211,-0.301414916660279,-0.251954671595466,0.483109622248729,-0.18785021110266,0.0689642272794998,0.0916093431028413,0.136531580913241,0.0637683142532436,-0.0416086787862345,-0.0724548113788532,0.442864307857838,-0.200027763400403,0.0783116693452922,0.0940430458434246,0.125157855064929,0.0596746176320392,0.15556,-0.076923,-0.22727,-0.19048
0.252491099065134,-0.438040858059632,-0.145965563808305,0.113956367281253,0.127644823814859,0.121227233687511,0.129096635674681,0.087153302830751,0.287440465765134,-0.273705729703695,-0.0642697684525419,-0.157540980970317,0.145313192210338,0.140002623483384,0.139195188967017,0.091904130211057,-0.472698189940411,-0.259448624209232,0.0779060733395855,-0.260173541069062,0.130818604888607,0.132710002409411,0.135362398622525,0.084398615785087,-0.170799261876555,-0.0660602907025696,0.0844768239535926,-0.349604474026387,0.151060356351856,0.143073094379517,0.146779128098615,0.0821427234636332,0.2,-0.17949,-0.13636,-0.2381
0.193849799495023,0.0293793275576749,-0.303940468032137,0.219792698383659,0.159071577342659,0.135035839024678,0.14092231798183,0.0700484266029656,0.161332974853157,-0.492597362128262,-0.196975444695196,-0.233582233196241,0.132388534082204,0.0995817216030339,0.13174145371469,0.0614136450407708,0.0349896222009481,-0.70490679658761,0.341013110071864,-0.314333565605927,0.160822366740226,0.142501437828642,0.153346399263449,0.0703318837727278,-0.302158219634783,-0.23528822249788,0.284655486318982,-0.0988498631889366,0.140095976636103,0.157365871272848,0.128003565166169,0.0755620540773988,0.95556,0.33333,-1,-1
-0.0858869990316325,-0.307783402084502,-0.346501763251033,0.0861103698853572,0.0995049836915343,0.116525837425799,0.126968175100051,0.0506978497529932,-0.164458505757392,-0.37176633623142,-0.432691260499836,-0.219201276992656,0.19053455258457,0.163799970192448,0.178015358263479,0.0653501519097925,-0.384344570022111,-0.242446938144477,0.501525315687572,-0.211407592659448,0.145511657154238,0.106821939941853,0.134822785445718,0.0502813120025294,-0.361560323609324,-0.235789536766128,0.419075839299811,0.0352102318785319,0.132486063119977,0.0970071797006355,0.112658265096632,0.0529804167620564,0.95556,-0.17949,-0.72727,-0.38095
0.330484405307167,-0.306621599789431,0.248264080017007,0.220662947122897,0.11976196522247,0.106671403121546,0.102851386545063,0.049151691473043,0.414306736596174,-0.196514979418286,-0.393912551997975,-0.251096592745249,0.150137761972608,0.126157732766116,0.107882150758891,0.0546518293741885,-0.4789475954388,-0.244855513898576,0.438641479806254,-0.114277473957548,0.166622351661568,0.157191154486883,0.120502675429344,0.0713170668377632,0.436011029319448,-0.551838990876715,0.493182926050917,-0.22232334776192,0.180631603699469,0.151133993843136,0.135486188154066,0.0706731746758844,0.37778,-0.23077,-1,-1
-0.0224457422985949,-0.259312662177382,-0.0088605670578378,0.187821888728775,0.0616922324456251,0.0638652602929985,0.0643249311532568,0.0290769635204948,-0.11312679591537,-0.624495422841395,-0.0578373741254296,-0.19562405761782,0.31092955165384,0.139909178683126,0.144212752716197,0.0833331181790235,-0.928307544878191,-0.443573815699459,0.276466943564372,0.00157854550444614,0.228629803449572,0.0993763060063503,0.115533406814488,0.0738595777802613,-0.0411662277565932,-0.0533158833077685,0.358801797951132,-0.143899303577926,0.298853871202267,0.132938785890148,0.149940508452888,0.0817417672480091,0.33333,0.4359,-0.81818,-0.57143
0.202459146918269,-0.18229850565791,0.0138468110033621,0.165546872636912,0.106288119326181,0.0970232685548404,0.128897920920359,0.0472473928410807,0.322160304827203,-0.329950650611566,-0.490838423464337,-0.317461480911892,0.169129493247623,0.117908714744987,0.147684170235881,0.0495243995278584,-0.348739474152682,-0.396672747067946,0.431765404865544,-0.130755772644191,0.185606807550489,0.141752027748556,0.167946778865116,0.0703554101727961,0.0160235310552289,-0.356954112162212,0.261179029519234,-0.18994026794802,0.149160686768981,0.107400866246145,0.101592615389212,0.0499932584099842,0.24444,0.53846,-0.68182,-0.7619
0.00876779507200988,-0.280926455515486,0.00633415763737766,0.148034494158462,0.095165508235904,0.103164113057144,0.0847464044253925,0.0461018482398874,0.0193592051141869,-0.723473502556633,-0.302490570672356,-0.372667342615038,0.210124504348433,0.128514871225481,0.118445947332392,0.0536928980077326,-0.459735245292118,-0.536217099468814,0.0835633219844335,-0.180204991769903,0.168827740821495,0.0952514103745505,0.107772444533256,0.0595478983445644,0.0176371244784488,-0.381464056882355,0.142180307464349,-0.238985731598544,0.235971848116234,0.149369520809387,0.183371351641301,0.0774345143290797,0.68889,0.53846,-0.95455,-0.7619
-0.00740771662324012,-0.312290026353843,-0.122299455082199,0.115106264641238,0.0628888203090128,0.0675164657804702,0.0749382665196206,0.0323233583269762,-0.0346762505218816,-0.535734524873858,-0.527373555561464,-0.402095076065091,0.294388756883503,0.156453794045107,0.149779895266918,0.0551840755971351,-0.908658211368819,-0.333000054566815,0.127562875296203,-0.0639214566231307,0.196450049174845,0.0972480203072091,0.129786380649276,0.0606486771938324,-0.384338910166533,-0.354046584994096,0.137775403261659,-0.14886215256011,0.235501390129353,0.100553127590117,0.140176919737066,0.0603663270651212,0.86667,0.38462,-0.86364,-0.71429
0.390955274807503,-0.195652798720282,0.229077564410847,0.240444183365652,0.123525056810108,0.0922784003560942,0.127269589321876,0.0485247532862716,0.413147540727528,-0.295379392149943,-0.530497052893442,-0.362733771746863,0.130536858632876,0.0899930213454685,0.113010520438093,0.0336587947794723,-0.406698499060959,-0.58101668278457,-0.0280455018699035,-0.148610522677736,0.191816765035007,0.177017923814273,0.189082071397216,0.0823462445281432,0.256024374150996,-0.56105267440072,-0.0150791015957298,-0.223633804318452,0.142240542142959,0.119519711525984,0.101662925404424,0.0539670432937526,0.6,0.48718,-0.68182,0
-0.016834082090461,-0.359410658680003,0.15434299701372,0.10697320015674,0.105537869712378,0.0867713015865474,0.112875160344183,0.0457527732500157,-0.0308284201904295,-0.538503016124823,-0.157601513558504,-0.354131561524854,0.19327253936463,0.112685918949851,0.15399921943816,0.0412530826581459,-0.721549203761616,-0.590338775816158,0.284443908587133,-0.0988431923613627,0.174201187574896,0.123532952374688,0.157807227317598,0.0668728483846409,0.238139151635372,-0.13278298514159,0.218607728387476,-0.0800866286100333,0.174157528654707,0.129747967546537,0.121281836051196,0.058815435988747,-0.15556,-0.23077,-0.45455,-0.14286
-0.361640794076114,-0.323968609643615,-0.56444292737425,0.0628975857465787,0.178889210305037,0.19364605960361,0.21864045704212,0.125687219792256,-0.239999131451511,-0.304685718657385,-0.593985441000923,-0.0734125076858594,0.118717953844055,0.156033967405926,0.168630802133287,0.102075557905,-0.188638565835423,-0.267329814070899,0.255402059258981,-0.361802836761802,0.112755106130468,0.136903467872336,0.175020111738234,0.0787889690910522,-0.237744992860257,-0.376994390255852,0.184751589773338,-0.150748774931644,0.0920919926134122,0.107027650915934,0.12660525909526,0.0785118951449857,0.066667,0.076923,-0.18182,-0.14286
0.0314511467857023,-0.643947994751746,0.0499865538060651,0.119439144356303,0.173832707267056,0.144354093408056,0.203584683324331,0.0707173393663427,0.0200030787543649,-0.434557318129274,-0.546080835129839,-0.32762163741452,0.110558427558769,0.121216140060135,0.143722565843638,0.0359298230260737,-0.429799969618796,-0.456039324825645,0.133165882759975,-0.0436259315747008,0.0963484403504512,0.127208366686739,0.165391849763924,0.0590284798003263,0.0231662877044179,-0.397923717208562,0.0924656945497333,-0.128223279322367,0.0943514002666058,0.104729215837899,0.114842269989314,0.0461373458468861,0.2,-0.076923,-0.59091,-0.28571
0.0752014359847989,-0.222447475269149,-0.379289438561393,0.121845712551174,0.113952989002239,0.155719693653328,0.142160745317359,0.0853214789991506,0.122087469464812,-0.797830636612835,-0.0482652330392078,-0.34050669836651,0.184999553307027,0.165930527532033,0.194240873927671,0.0993196583364487,-0.187061412152643,-0.413259150157206,0.231976563943917,-0.306122539972214,0.130948421687069,0.085948452774572,0.135734275332351,0.0662834846664308,-0.346789910712264,-0.0271822343896921,0.252222071267862,-0.141881025769053,0.129979659761647,0.109393462554537,0.147580339515006,0.0807248303659136,1,0.025641,-0.72727,-0.57143
0.248317922887199,-0.211159218622534,-0.127324643417553,0.171859249675781,0.115683858120748,0.121915998028952,0.110636394479783,0.0558519700355906,0.352707271966192,-0.511047727935838,-0.117988794857996,-0.234839302465056,0.164315718873131,0.130346883324374,0.132573761731942,0.0644659855017049,-0.27856067147152,-0.474640583427113,0.281855635935681,-0.198269296104187,0.160831255654406,0.12106094473578,0.122221155986498,0.0640930739402297,-0.210889213821088,-0.137586656654685,0.353882321942673,-0.105681442895425,0.183248282701451,0.154594177004569,0.15345411251911,0.0771573609259145,0.86667,0.33333,-0.59091,-0.38095
-0.0046632156183779,-0.250426592251862,-0.127927496142966,-0.256334682992331,0.0965139731643967,0.125483376981725,0.138592420537764,0.0546643289459552,-0.00715142493717228,-0.968284232622627,-0.138941550379693,-0.310998685367315,0.1480121210251,0.110126898944604,0.171870852113724,0.0681208986681487,-0.214969716938648,-0.541991671597913,-0.10905080801322,-0.439829369424066,0.107716699683144,0.0616429143798136,0.128526652948241,0.0246436270581947,-0.094001052204023,-0.0665723469865809,-0.0933471068419673,-0.0620526191384524,0.101837632650082,0.0823500671507288,0.110018361380188,0.0532019936157597,-0.33333,-0.025641,-0.31818,-0.095238
0.111535159348211,-0.254003703573854,-0.133096987760786,0.130502016037306,0.145562176318577,0.170668641143214,0.104798909046291,0.103123673097678,0.172098122317797,-0.471257377168327,-0.020215464725319,-0.184962732622491,0.224601617743786,0.202137532248422,0.133581144393597,0.127061141950858,-0.270691442992942,-0.3254829923957,0.130255823396873,-0.405626035144199,0.181881366667823,0.139610183435279,0.108480894995664,0.0803351641444529,-0.3833447991565,-0.0377346858382023,0.352033520870652,-0.13176044256991,0.301840916282608,0.249345863975449,0.2931839085318,0.178004892066905,0.95556,0.53846,-0.86364,-1
0.274698715564845,0.10300376266308,-0.13311293113743,0.369519082249812,0.159820799325405,0.1859345376579,0.170579401562688,0.122162412092423,0.316734915466181,-0.583686336726368,-0.291480207718664,-0.422600519414643,0.184277626708162,0.171075030450805,0.17739328748092,0.128549796074514,0.0951684494124758,-0.467713730054424,0.0481253079069281,-0.634157022455895,0.171790827671098,0.137084141904166,0.165340079256893,0.069894885584542,-0.144729444342612,-0.274856749672697,0.0566330909389014,-0.0297283438958474,0.185465542629925,0.16727634027838,0.194569555014791,0.144867345191398,0.73333,0.53846,-0.81818,-0.52381
0.132721650717166,-0.258353896275043,-0.0665372489769268,0.154207728642974,0.127783170121493,0.16306723693875,0.123362012383813,0.10405534647806,0.238512043539185,-0.271132502967531,-0.250280016912082,-0.233813503700675,0.229637175780323,0.221795658547372,0.16028498768369,0.138189449269866,-0.273608320820896,-0.159781807463589,0.211888858444567,-0.500182237301344,0.172695490654478,0.130706982093254,0.1220586186534,0.0681813479385509,-0.131333709875075,-0.274896372089931,0.394916434701032,0.125255453030245,0.243496552579735,0.176049858707672,0.227491690016085,0.149394420003895,0.28889,0.64103,-0.68182,-0.38095
0.234014537731227,-0.152943084026567,0.0133450883835356,0.221527527510797,0.118712166919038,0.119135092998519,0.104787566362633,0.0802442430121898,0.462730516513738,-0.18304495164237,-0.355996929292071,-0.233670907699401,0.234736452048986,0.168710866920343,0.133277237667117,0.118568951378945,-0.320250666311693,-0.193835201780997,0.0792434756453417,-0.497603262879277,0.249459419212794,0.178656142323142,0.151021768834198,0.0946385238426095,0.0379604982709254,-0.51211960071495,0.107649933726463,-0.113105201406547,0.298071329121421,0.191726051890964,0.205158636390656,0.14926100869735,0.6,0.23077,-0.81818,-0.57143
0.117592473116676,-0.377623901702906,-0.0891092199034807,-0.212741655363205,0.172791253005836,0.222077151698804,0.12205986818262,0.151791982072462,0.111060285949303,0.0850923210325216,-0.199477810277277,0.0302359727786666,0.163192808687047,0.224097618528211,0.114666357619458,0.151512594283773,-0.202074185008353,0.0482128125787479,0.165218552888279,-0.628624013295793,0.118837974069285,0.126972403036403,0.0855221131018295,0.0416059402859806,-0.168323746261774,-0.398968011118169,0.58321703393809,0.218206503556065,0.230566200702587,0.229339837739391,0.30189075177952,0.21119990189483,-0.33333,-0.53846,-0.81818,-0.90476
0.36405750716847,-0.260203944301735,-0.287250590180174,0.0347142997632684,0.281488406874189,0.251811526942968,0.350138247437578,0.17870041279491,0.132513846192672,0.0320506005862811,-0.518506165535653,0.0587091169444744,0.102459393692122,0.15425961122609,0.19335817945684,0.107389435998189,-0.120453380477662,0.0407614871803352,0.421118742771562,-0.633347437020304,0.116568370033429,0.1961851275925,0.229207129522736,0.051422418468595,-0.0695824087394428,-0.345065218098988,0.220362648160713,0.198069097891505,0.084816057760689,0.128679631603937,0.119939306682306,0.080966282072187,0.64444,0.33333,-0.72727,-0.52381
0.121323962675847,0.00177962561291756,-0.43012733411824,0.230108343047913,0.0833467772029595,0.0680676588642357,0.0919343462055793,0.0473878211883644,0.42474396168824,-0.0913114488273985,-0.440110579821874,-0.0997093017808992,0.291789351108786,0.126518461004675,0.203053020081022,0.111174984674337,0.00984860685948674,-0.144341349328128,0.163398574293041,-0.634434410715059,0.376692494833592,0.199995133259275,0.268964512925469,0.0980829126752278,-0.835791778325966,-0.244276806822563,0.0573724189794494,0.24379067249421,0.178640055187178,0.11270154737281,0.0944386742230077,0.0740115520773544,0.33333,0.53846,-0.77273,-0.42857
-0.268829117352502,0.258747932360949,-0.373937788155549,0.365141058965894,0.282929339244405,0.206912348830495,0.238457103180061,0.145869327887657,-0.0886031006792957,-0.165858942482143,-0.365003478651137,-0.0135435574276002,0.0932503777011902,0.118167208378754,0.128007212001954,0.0905298299438404,0.156719939373223,-0.304799075002673,-0.021838290398074,-0.670493127568954,0.12532386430455,0.217155947520709,0.191615447548822,0.0540366835919954,-0.166660057645504,-0.493578873126869,-0.0160695399154681,0.0873529540952707,0.106277770850581,0.173098776169266,0.140998769898104,0.10432212837329,0.73333,0.38462,-0.95455,-0.80952
0.352608361221172,-0.256665055155093,-0.52701615843641,-0.0354580214061053,0.163371910666303,0.18896144976282,0.157875991751463,0.107644579505899,0.370490269146672,-0.160751093485651,0.00825974050606114,0.0624125636395038,0.171657027485514,0.197272582011428,0.188681116125319,0.109963384201175,-0.218852532090423,-0.130453149410324,0.219499458613995,-0.409316262705392,0.161123187272538,0.160091163659763,0.165342840290885,0.0671591420616294,-0.501721505887251,0.00748377961972038,0.24506845199372,-0.00885070576351518,0.150298580142197,0.17095547861928,0.184603252209335,0.105201201208987,-0.066667,0.23077,-0.27273,0
0.23452447624186,-0.159426475542975,0.0704315266657366,0.301308001778619,0.138633313823754,0.167359512724712,0.299514678121724,0.111288544335369,0.36036513613331,0.438632322184028,-1.35743466412696,-0.143060268444753,0.21302089150468,0.195171122074421,0.280448171216894,0.151230121070712,-0.17838881350126,0.319413457172749,0.926383734628287,-0.247382717419538,0.18726541373652,0.142124234100378,0.269953196431342,0.123130142902651,0.0252810554218398,-0.317097224318904,0.297174710245546,-0.154843310069346,0.107509343268769,0.0655127933655543,0.0865983068685171,0.0687266901402461,0.11111,0.23077,-0.27273,-0.38095
0.326794002763158,0.386267298479374,-0.483772087327572,0.470759729940664,0.151932130897532,0.171304054811406,0.185855287286987,0.10056929114446,0.397376460929542,-0.334884719507965,-0.314939360696338,-0.315208989735589,0.184747124999417,0.194725458352542,0.219050918153362,0.133366188727509,0.364781699801374,-0.260083243344415,0.560406041041952,-0.521505421939142,0.161775497286393,0.151230634961391,0.172103511024538,0.0867735704176227,-0.370751111750608,-0.198490870796397,0.454777911447308,0.0914638535650469,0.142434952721282,0.138057076755591,0.1396645816861,0.113842506623413,0.86667,0.38462,-0.36364,-0.57143
0.264349886213148,0.164389383260551,-0.236431036875954,0.465359286131859,0.0911397846229871,0.130650381656122,0.0907626420279636,0.0892082173655815,0.787487805695734,-0.50986193831292,-0.0948842077198182,-0.510412331575423,0.271501796473133,0.212700313262841,0.171647144687135,0.189012310241611,0.286768059838137,-0.298569124740994,0.13257778966142,-0.711967515428706,0.227912263684664,0.124554789426242,0.129878821428252,0.0992340636090249,-0.739977617738775,-0.0996881009630329,0.237863529674324,0.242809754875868,0.284067288774642,0.180337469224749,0.233021194377742,0.21034607847101,0.82222,0.84615,-0.31818,-0.57143
0.442883315117354,0.273738647039097,-0.489116289923442,-0.190673184662773,0.101513343873248,0.213462440665628,0.179057682417017,0.0742568445782555,0.780928323722754,0.0828789145926239,0.454783407822738,-0.168093641776928,0.178996685493607,0.289526357597334,0.250012519352305,0.103531328135725,0.159584917046528,0.0274017263683644,0.0925631434635923,0.210413864732821,0.124444926774655,0.0957242510511526,0.149424071203373,0.0507299910557146,-0.351009931508843,0.185093016683771,0.113943523889666,-0.0178689449170224,0.128499144551426,0.101752989708158,0.183938278128481,0.0683593667194484,-0.46667,-0.84615,-0.59091,0
0.273413050887454,0.179229535984945,-0.185101416738303,-0.222619836241489,0.0927723822526567,0.292452627595023,0.316229356259636,0.0843561562883713,0.695348072014602,-0.623785104913239,0.0752094875593315,-0.0710292497296407,0.235940080132242,0.457393715968328,0.506484152978822,0.146176488217581,0.0560674142365613,-0.0767278331141024,0.140167284772261,0.1529518659701,0.0914863865814962,0.0562610880411103,0.176185873062772,0.0448640473387878,-0.0495679054303649,0.00791918412237437,0.119987647424739,0.112148064481742,0.0846823708947831,0.0533302564964287,0.150820702938089,0.0438672052791181,-0.2,-0.84615,0.13636,0.14286
0.418761361382538,-0.0156928187439189,0.463929589006121,-0.228070997649394,0.0588883505183919,0.135803858138858,0.136757858464436,0.0492074343999471,1.07273754353984,-0.222323038846775,-0.561548624727474,0.0269057501406642,0.150853804347306,0.21553987801296,0.227414427142278,0.0913253750176104,-0.0137211821104268,-0.0758836413239973,0.126791030900016,0.074172447762179,0.118741540269425,0.073568402442655,0.138307389664905,0.0525545702045391,0.337452716395758,-0.159448833670545,0.105477255073521,0.24780662722134,0.0994748166982768,0.0645731528330059,0.115057695443315,0.0371625314054181,-0.46667,-0.84615,0.13636,0.28571
0.367064408947723,-0.0186898465608187,0.281614603669414,-0.116362359144901,0.0822055041007531,0.154584959320087,0.122185993555286,0.0499783212703293,0.836452369085641,-0.349279902650989,-0.24572741926774,-0.161695848592619,0.187326766041072,0.22751068308933,0.191558849335372,0.0761355214355632,-0.0173747153574457,-0.142490733162083,-0.020099904038527,0.0327006464474426,0.143707421994541,0.0928142838724908,0.124532229988982,0.0507742808412607,0.374920981863404,-0.143561918766961,-0.0287850239383886,0.0359262183539769,0.162669449939037,0.111914885401588,0.178342305240002,0.0608057222519479,-0.33333,-1,0.22727,-0.2381
0.18639163109086,0.0137215777654781,0.236100966647436,-0.162793436176573,0.0877599321968794,0.17753503971183,0.13032419633857,0.0413055221563803,0.569290403744673,-0.468518911435772,-0.103043527729614,-0.0584074162062556,0.268042545368426,0.300840741210485,0.23680359280361,0.0851548321996866,0.011454708061135,-0.12805591539647,-0.0949762614001204,0.0805006484930708,0.148205409412711,0.0822260010512774,0.123149118707511,0.0428479211137474,0.336733543651985,-0.0481173697793884,-0.162264573257514,0.0442365575319984,0.185871871173724,0.110578182745431,0.210397197147286,0.0581078681649667,-0.64444,-0.94872,-0.18182,-0.19048
0.454422943889636,0.156884417233553,-0.00222162277619148,-0.0893125083647614,0.124583463067371,0.156821509651197,0.0937103936417322,0.114838702518545,0.58201250150361,0.110892038781955,0.0425353624294982,-0.569566481217106,0.15956309856448,0.178934774486116,0.105823220875083,0.0916467494398989,0.167871039897229,0.0926454889353751,0.119494561134263,0.355344292855084,0.167803726894104,0.149492243554142,0.0949254524860192,0.104544117378036,-0.00683732893525322,0.102210198041911,0.343691127827181,0.0327946554081509,0.288405751348567,0.254287532661866,0.273025278428933,0.203031937942727,-0.68889,-0.94872,0,0.42857
0.316325132290887,0.0208394782227324,0.146428627414358,-0.0288226373954902,0.108364196733263,0.134906315890537,0.0916912159126927,0.0393625155459323,0.605056819985077,-0.0959897171133503,-0.151252861734784,-0.114241959832431,0.207275646423731,0.185954223621244,0.128782482332561,0.0514321292334069,0.0317857164045234,-0.0765433407072436,0.165526659317256,0.0761727658033835,0.20576781492533,0.148282106903014,0.113888873803651,0.0472998846845437,0.451796038215494,-0.243981875275026,0.334841449810685,-0.0804518608794688,0.282907303168876,0.207735517739599,0.23038413134787,0.0683520688254738,-0.6,-0.84615,0.36364,0
-0.0429153672493896,0.0530339215148679,-0.281514868977199,-0.171191311906399,0.134261799992126,0.352967378266794,0.219192136197828,0.0652239668241902,-0.0624824714647738,-0.540959688662339,-0.163179873018386,-0.102702828778925,0.195477975012238,0.416889991608478,0.268862291575715,0.0838994670093856,0.0111954891081908,-0.0784348133707503,-0.139195604587645,0.115309170196615,0.0745116017457764,0.0604457030223462,0.100363068708358,0.0266638724174047,-0.147779321211314,-0.0588347014254706,-0.346137394787033,0.0581739737303057,0.115063425316965,0.0969386258049278,0.24957261573349,0.0504874784746306,-0.64444,-0.94872,0.27273,0.42857
-0.212099386613992,-0.118840692536922,-0.102557398074484,-0.104807096006463,0.165646114048039,0.146583434838253,0.140860182454481,0.0424979917943711,-0.20005306177047,0.11852150518365,-0.216081230839728,-0.108389874353011,0.156238133521809,0.142290970453741,0.133119790451757,0.0408166159360944,-0.146874452629029,0.155300357461601,0.271980954667765,0.129800266336587,0.181161530589889,0.186445814544654,0.151241979839116,0.0462998766754983,-0.137724366581503,-0.307648671885288,0.295529743118769,-0.0472525035774609,0.189161189434708,0.189531161845831,0.164336887136918,0.0525710728425844,0.2,-0.53846,0.36364,0.095238
0.0597980399761417,0.0383955534301858,-0.0244868430732557,-0.101122053583377,0.113189781776671,0.131466158461649,0.129859484684132,0.0271319614485181,0.105408035968905,-0.48389363341877,-0.573252713856148,-0.0535007340974927,0.199523472568467,0.158755628658555,0.14926906689973,0.040524487625914,0.0503917238239321,-0.360281049586103,-0.108763333691786,0.0784508442957055,0.172540978252561,0.118200861864423,0.147923247153648,0.0336344742315814,-0.0329747839862738,-0.437933843204898,-0.111597223211892,-0.0571752659238809,0.174873030517558,0.114033435095803,0.15177747013174,0.0350710502553174,-0.2,-0.48718,0.22727,0.14286
-0.172651712150898,-0.0204417886658207,0.121131872780223,-0.211036513958876,0.0888364111832991,0.101352596896539,0.0949572335116586,0.0240061426880955,-0.488576762073754,0.141509450625055,0.123776641660272,-0.219029562630065,0.251392850898892,0.169143533171285,0.161726242228682,0.0594529322319847,-0.0484880364262975,0.118614895510913,-0.220521685505267,0.0138662183322355,0.24040892362987,0.14177811040068,0.145089186998572,0.0627605403730032,0.31514814977423,0.113797601249024,-0.241875527805961,0.0271618731822487,0.247049729868987,0.148687653645961,0.159138651619726,0.0656311666766542,-0.24444,-0.025641,0.18182,0.047619
0.359844631502263,-0.389534862368675,0.0937243294619315,-0.0640883522667827,0.0855228729999324,0.192021360802179,0.105702292168136,0.0834951123871826,0.951542837368042,0.590620925955268,0.205578930251844,-0.446094962102351,0.226149482609998,0.314711258281993,0.170249930021315,0.113583240890586,-0.277171619112265,0.158927093254962,-0.152575185050542,0.221230046085403,0.136631856656023,0.0846840050790157,0.0863089116587906,0.0600579256255995,0.241144009749486,0.200027368385282,-0.551703341877858,0.416973520360014,0.271962197216779,0.165652411111506,0.312088200844862,0.114603385513295,-0.2,-0.79487,-0.045455,0.33333
0.52370587240354,0.0591420627689647,0.00620859440384625,0.0565819685507193,0.0698663222965448,0.241406256503366,0.123888854578415,0.0792287278139283,1.15131555226024,0.199953325729108,0.0387497111059146,-0.365218557067986,0.153594197960906,0.356711964360811,0.183585820071319,0.101906905202838,0.027383803876665,0.0421132746126311,0.0658703219034169,0.247746720686363,0.111775296179847,0.0751290775382744,0.0836051037745469,0.0358836430588812,0.0109319493852391,0.0310360086794508,0.250493696202006,0.0379805081329794,0.218140628868824,0.147040350561165,0.317936072887965,0.105669777759477,-0.33333,-0.84615,0.045455,0.42857
0.361839809684039,0.338065953419242,0.146650346365147,-0.251633123456067,0.0608046249328415,0.159605928422018,0.115178364630495,0.0535034303739297,1.40995081883811,-0.481602894493231,-0.302940797309934,0.106912024704069,0.236932278922171,0.324867659621688,0.226844170330668,0.134443757342738,0.344822273448991,-0.126065237487424,-0.0367607287761951,0.268590718983542,0.162795686870503,0.0850379412799958,0.118897499432836,0.0519382617782857,0.310336807310555,-0.164520621385517,-0.07626766175148,0.0681054807864339,0.243736798695852,0.123194182466953,0.24667721701188,0.0993094218549021,-0.77778,-1,0.090909,-0.19048
-0.0655026142470247,-0.35415645058811,-0.216206793587103,-0.0985221436588898,0.145054865548045,0.113864975106068,0.135647956506256,0.0523583220785373,-0.0620092433199045,-0.433877948664242,-0.309536098987532,-0.203701027977469,0.137318831559661,0.10432412620225,0.128014995536893,0.0441484670164763,-0.457750745337283,-0.592384495705728,0.276581267521485,-0.133787834987113,0.147171616205383,0.142436358152151,0.153170143034826,0.0586192215291025,-0.223639732302359,-0.33821520965286,0.221344373339735,0.0460781281557534,0.140311375868953,0.139875829332476,0.122580063459169,0.054717293901218,-0.33333,-1,0.90909,0.52381
0.257548472616835,-0.174742417598661,-0.0525546818806118,-0.0658194926624252,0.10683337978798,0.07421527820471,0.137515913523757,0.0353295952547472,0.397198109157486,0.0102897564137581,-0.747595462393144,-0.108309212370545,0.164761281694029,0.0970347012640297,0.135237531798168,0.0427313032663642,-0.561082166078847,0.021423233688625,0.697019932159936,-0.0624877528253103,0.238298574687694,0.202025878698709,0.22664509600686,0.0648381278960645,-0.0543367116832338,-0.501187699725267,0.224439355761128,-0.000498417019024422,0.142178817901922,0.0906631873626897,0.0729793754628623,0.0371257915886224,-0.64444,-0.64103,0.95455,0.57143
0.26167609464771,-0.0256833849879016,-0.0795812320268054,-0.0641580630702876,0.108511568882154,0.0883861694906379,0.156032435501032,0.0386901737075983,0.384387086883081,-0.0875569283348342,-0.735691781896288,-0.0702976666684929,0.159397234630384,0.106521138545887,0.159791878874498,0.0471184565750411,-0.0631212596774687,-0.146490402680847,0.89100027220051,-0.150606405972883,0.217223950773755,0.178219185807151,0.211818505965224,0.0586285390626416,-0.0625475628645069,-0.393632454939871,0.284940495495524,0.0692060543958462,0.122635052509814,0.0854967679517866,0.0677392273919196,0.0338619995569151,-0.24444,-0.74359,0.77273,0.19048
0.136452849168696,-0.317451403946436,0.0331623433192433,-0.0807790675047061,0.113542351047546,0.0976008100154912,0.124930058645423,0.0359679018875798,0.184255347760441,-0.371042049876669,-0.378040223223935,-0.124594385491593,0.153318787443854,0.113289964958034,0.136197133569865,0.040336478581829,-0.500532932019219,-0.433252464641161,0.381952333321663,-0.123117032263051,0.15388944259559,0.132284619906271,0.148440438425938,0.044190941504536,0.0378945877590706,-0.319913445685874,0.276812526156477,0.0598206946216532,0.142757495316615,0.115255709885307,0.1075793211868,0.0393388706379005,-0.46667,-0.48718,0.77273,0.7619
0.31338243391707,-0.0738079368641962,-0.219999211412931,-0.0356196084652926,0.122108908963968,0.0947454214539329,0.143754335659294,0.0336008997072224,0.330533161108165,-0.104172860010287,-0.584452799635516,-0.0396157647402449,0.128791659362791,0.096842069479645,0.129225160253571,0.0344492790995727,-0.142729053570426,-0.1909956693083,0.687936593259501,-0.152423860731481,0.183217752843202,0.177555035693935,0.182487348097275,0.0426466348637854,-0.179397550949935,-0.451860565326825,0.290091148206685,0.0681965735179702,0.117223946350002,0.0999084169038851,0.0769518075668963,0.0292782175581072,-0.46667,-0.53846,0.86364,0.42857
0.0212146600248976,-0.331961810682982,0.0191202801010081,-0.170271956219711,0.166494199758631,0.102970635566923,0.144589620551719,0.0914124769515346,0.0162775861940667,-0.187304232422606,-0.335380183487059,-0.346304986136268,0.127747684111017,0.0958540265256277,0.116848870620102,0.0658273671670244,-0.545507675900877,-0.401149638230194,0.286466184691616,-0.188106017381423,0.169210042500314,0.20529065235913,0.180614307647353,0.118289952578301,0.0194518360916097,-0.444682278106035,0.1773482771907,0.170484164341186,0.14709688271627,0.154930507346058,0.111816465638804,0.0922512919678125,0.28889,-0.64103,0.36364,0.38095
0.21265476180625,-0.148080335116908,-0.245527579547404,-0.0051147187120392,0.128974363991458,0.108830532235367,0.144270080189913,0.0350045217338929,0.217717188166714,-0.32715462350368,-0.424505854973842,-0.11695491287151,0.132044707747453,0.103032420903349,0.138540681018375,0.0317916096274476,-0.216113667127628,-0.46635893484325,0.325306057664248,-0.141627938365787,0.158831119596455,0.146872721993693,0.173371964004671,0.0378254538949016,-0.200290109422184,-0.33824026131322,0.181830414066374,0.03367596893756,0.11768889751958,0.110387255207715,0.0969065753918616,0.0312999473583476,-0.33333,-0.53846,0.77273,0.28571
0.117299691064168,-0.472014355523001,-0.255324496638575,-0.0285136994316192,0.162812866168638,0.147639010905359,0.144496509223692,0.0516830246979645,0.0782932833547671,-0.225811163016527,-0.510270148039273,-0.206247348323349,0.108671674657436,0.127647428192719,0.10031738030051,0.0321398436708454,-0.327005410489878,-0.234378354435566,0.149064956629408,-0.120114148213599,0.102282387814101,0.132490324074687,0.121961307171206,0.0400369018455642,-0.206836263447865,-0.619308046933304,0.174305072576107,-0.130972900661982,0.117055427280037,0.121753861373432,0.142612153645239,0.0432354715437893,-0.6,-0.84615,0.22727,0.80952
-0.0246013536845388,-0.155935869695616,-1.06035813708051,-0.0606224848822018,0.129221649985961,0.144999610689313,0.177611349992739,0.0498071687821709,-0.0262917452464649,-0.370157262041693,-0.398001835571815,-0.171020137904527,0.138100640530766,0.143132327388653,0.228783953106141,0.0468941581116589,-0.129761683034855,-0.288221455047625,0.511658594634226,-0.216903253986895,0.120661099714718,0.111449407845641,0.195661932510894,0.0357608653903572,-0.366788695607194,-0.128821405456294,0.21268810384851,0.00448396392619505,0.0614375776548818,0.0740505890949897,0.0813334630894391,0.0296725460004619,-0.73333,-0.38462,0.5,0.71429
0.418568837106908,-0.435240757178311,-0.481329281866977,0.0152021711627812,0.136221875218356,0.160375536458267,0.170237768329297,0.0508119677640424,0.350031941600035,0.125515494653779,-0.359911803900902,-0.0790067393215213,0.113916764087481,0.15525044189988,0.159382937833044,0.0452672297454938,-0.271338357196899,0.0935703363473194,0.46308183946707,-0.196918464165368,0.0999815248904409,0.115737392476622,0.129593077837527,0.0301192532964971,-0.263651454933246,-0.235745382000049,0.406877809707317,0.0780330786105465,0.0932489191817174,0.10439721942014,0.113864425615232,0.0361361203167341,-0.91111,-0.28205,0.36364,0.28571
0.372456423324705,-0.158612005350849,-0.340986656581162,0.173324521358374,0.171796567485363,0.114338425130444,0.188995713729849,0.115997288194247,0.244092125097907,-0.144178783321354,-0.00042054063916,-0.504429993342736,0.112588175732629,0.0920661515737761,0.158209451643956,0.0618316062497252,-0.247985584857201,-0.343964353279548,0.346161275348556,-0.090714603199194,0.17876503840239,0.219640321242193,0.239091176036609,0.147855872583588,-0.189955954063884,-0.000357474606416497,0.123339910227066,0.277236831358964,0.105285237479646,0.134483700720972,0.0851900148528901,0.0788443401584402,0.2,-0.53846,0.090909,0.57143
0.332669483908927,-0.0666061486362621,-0.137053051159703,-0.10747726383449,0.179240887305748,0.130608697329063,0.126478174986556,0.0915418393139925,0.201278844919645,-0.416193975686414,-0.244761898909111,-0.343047808830848,0.108448176055577,0.0822703141341701,0.0930986601360937,0.0525746467762949,-0.080906275726895,-0.835561672611904,-0.291629081879392,-0.174251682473203,0.158649966929373,0.165167987284969,0.13466510893516,0.0991906887730266,-0.174228872146954,-0.514268665645638,-0.305206908129104,-0.00741573530385831,0.16078554685685,0.195609381750075,0.140934920708516,0.104679294890267,0.15556,-0.89744,0.18182,0.57143
0.134450292555168,-0.417430181629677,0.0314632987351438,-0.0861441166454616,0.133082019232363,0.103086582719695,0.15786292784929,0.0697299613137734,0.140528054339306,-0.238366597159643,-0.439876879357979,-0.290954538847014,0.139097928869112,0.116066753837827,0.149719634090994,0.0602590495074908,-0.566029541260492,-0.309242635459436,0.206434129650721,-0.0180645600288451,0.139783977524427,0.15057809807971,0.18169589686534,0.0823217405497872,0.0238036028271912,-0.318396507306289,0.115176715916195,0.0619198142011976,0.119431419677075,0.108371707645387,0.101374403214263,0.0609273602754739,-1,-0.4359,0.5,0.047619
0.40875476334166,-0.397019070003323,0.237980186494416,-0.0197430085727006,0.11258304190136,0.104577706637173,0.152408238907441,0.0613725259354357,0.487278559740433,-0.084789170939243,-0.405172715795622,-0.300818698349232,0.134210796861191,0.12824653700717,0.160832025214385,0.0528350255960422,-0.538507303776904,-0.0964730797503504,0.648314590137867,-0.106651971881402,0.141846735059565,0.145918850902135,0.15819374279923,0.0700304876993204,0.184805542935624,-0.263936776770628,0.37117588917923,0.0648201750843318,0.11835391741662,0.104768866909562,0.0905697697372629,0.0533985941845041,-0.15556,-0.74359,0.18182,0.42857
0.220699656455097,-0.0793004768414033,-0.134421638797437,-0.0612899209503875,0.10838358363875,0.0927290865745929,0.152525364180629,0.0565738114233196,0.328764863739611,-0.264677923795931,-0.362242320971391,-0.278678916213282,0.161453418999109,0.107999920873879,0.180795964606384,0.0583782836109971,-0.171639072678383,-0.384569059665088,0.569663957761184,-0.140732086494368,0.200704145345906,0.156920635535869,0.21205623773329,0.0818970850873542,-0.107446156035366,-0.194373540460855,0.2103778823571,0.0781061755037091,0.121916859708867,0.0970122752287513,0.0783127344237663,0.0499985445020031,-0.55556,-1,0.77273,0
0.166760226826984,-0.0844965978900309,0.0183898011057084,-0.223614087761144,0.118071748302308,0.134915188304291,0.213797842839135,0.0476099128091899,0.217509932797975,-0.328682162092584,-0.805764669564478,-0.131120388729045,0.154004216276461,0.147915098392635,0.217665735514402,0.0621507344425312,-0.0869439482312518,-0.259292319703589,0.766586303803075,-0.14915701586714,0.13882285725639,0.116687953910342,0.189610619130282,0.053697022346927,0.00758986241406196,-0.254963771646188,0.307480650935111,0.0626691034651521,0.0882389212501382,0.0688747955589691,0.0760535327922653,0.0353666482549996,-0.77778,-0.58974,0.77273,0.57143
0.0405095282105025,-0.060815911511048,-0.0581402352495306,-0.169843417464056,0.132724118649561,0.0651552111007301,0.128228066838153,0.0867815228692006,0.0468421182106069,-0.152722777810831,-0.265531786482564,-0.466385546661977,0.153472013371149,0.0672317017773265,0.132866942556066,0.0703559350015558,-0.287255776345687,-0.623844031451666,0.543218278241778,-0.431592549382513,0.307751874183572,0.274628948473387,0.268267250983779,0.185879100434206,-0.0718614890995642,-0.283828893769837,0.142148490469275,0.218903128790476,0.158490239810691,0.142022459246117,0.0701997452904439,0.095174018588704,-0.066667,-0.84615,-0.31818,0.14286
0.0802401205458912,-0.142127639548179,-0.243762924959217,-0.104161794098632,0.120446617170518,0.0969210486371322,0.159542139826964,0.0446809219462252,0.103491569485547,-0.371074799749934,-0.624518242669158,-0.23101645118411,0.155348837531624,0.100046308305161,0.164062752412382,0.0428014004126584,-0.274342823839662,-0.555345327509211,0.203262980119185,-0.22395328866366,0.187082500329563,0.149727898227687,0.224759215731046,0.0574661422394853,-0.173069776815407,-0.343783722172245,0.0747647367763643,-0.0266378059052057,0.113273675794318,0.0903129802151057,0.0826715400528939,0.0393620710764001,-0.46667,-0.74359,0.77273,0.38095
0.0915757809038492,-0.182392946066133,-0.215102665165732,-0.0843326104671864,0.0717705061953053,0.0692748676495237,0.0756484420858219,0.0317751650395145,0.337809055223378,-0.0990904834228473,-0.304524530872876,-0.282696456040864,0.264750424745989,0.141125841199944,0.150460769711803,0.0516903514891058,-0.656050657843574,-0.0966207997716387,0.377879550418201,-0.106744052002624,0.249175329823435,0.137608488466007,0.145077115252409,0.0625286517261562,-0.636160924751211,-0.24414780541986,0.310702860192163,-0.148318136556422,0.223728436075982,0.120629581536912,0.119286356214476,0.0544713865318915,-0.28889,-0.79487,0.68182,0.85714
-0.206369282551644,-0.0234057874185705,-0.581979924123906,-0.207596089623883,0.15095295742406,0.126572703878168,0.174041956179837,0.0505566114199603,-0.15925251185775,-0.186665094346202,-0.793563947406482,-0.241764115631141,0.116488448982815,0.108337851664748,0.129140153149318,0.0389146814224484,-0.0265466986685444,-0.274352638531062,0.340993347387145,-0.108528492258854,0.143557974334619,0.159230495455591,0.198055245458783,0.0597790001848051,-0.290310089192161,-0.512973367368094,0.149972892574271,-0.134270302320347,0.0868176611037005,0.0834784133527485,0.0871070309100133,0.036579722561256,-0.42222,-1,0.77273,0.57143
0.240405496186851,-0.0314081569612151,-0.270357290935446,-0.00819991688492378,0.101990497674674,0.119891682356369,0.123736069612537,0.0438476261594128,0.408644430832144,-0.331843273866826,-0.314346226203293,-0.232870849233401,0.173364792126721,0.149354628023432,0.162861389489634,0.0469788863402038,-0.0427868334098396,-0.265949709756397,0.219762285829025,-0.135595378555666,0.163326534777002,0.119697529230461,0.147860947132156,0.0475439911997263,-0.316601934239315,-0.216562141064478,0.18891260986193,-0.0996421870123562,0.144901137450196,0.112199887463582,0.127104599927233,0.0453689747245916,-0.2,-0.53846,0.045455,0.42857
0.00443644082512732,-0.24605207174416,-0.592905230625265,0.0418162642964635,0.145399974228396,0.176050415250473,0.22085632587,0.0620825595025457,0.00395933761446309,-0.337556755374366,-0.0511933351148051,-0.239791772023692,0.129763386867215,0.162880862428001,0.222265400810023,0.048829176277854,-0.144463705520928,-0.222070405372379,0.751504490838449,-0.195478898618383,0.103363874017798,0.107155370381119,0.147908817928355,0.0395135259986203,-0.201891969291694,-0.0195325679348742,0.435846555830655,0.062035293470747,0.0752044614506093,0.0848042822597472,0.0857819875422607,0.0353700991423649,-0.28889,-0.53846,0.45455,0.52381
0.238381449441693,-0.272823159251427,-0.571100093183152,-0.109897291043818,0.132316906382351,0.13034762942371,0.154756970427081,0.0548701541956206,0.246458019569874,-0.0342297663269546,-0.290480771088387,-0.142105756935631,0.13679991785847,0.137925762287759,0.172113940091863,0.0544474069685046,-0.284802311873639,-0.0345617490749394,0.423453746411056,-0.248415191822348,0.13607094906818,0.139263456887973,0.167632328844617,0.0468897924618043,-0.363401389887438,-0.178780951150624,0.25811786002694,-0.0634450439504555,0.0984746786408503,0.105930226639828,0.102180930879527,0.0445664181940531,-0.066667,-0.53846,-0.045455,0.42857
0.202896986454036,-0.697722814695249,-0.415827180733732,-0.212807011045102,0.135289790703283,0.12293009936865,0.148598681728393,0.0514582049283168,0.187095490177089,-0.0103602882561417,-0.506805151240735,-0.134070576624246,0.124753502503698,0.147677141286111,0.136575986495261,0.0534696822728486,-0.517525483183465,-0.00833360538683064,0.0816862816244703,-0.251506487199663,0.0911815662805004,0.118788492144916,0.136057703433288,0.037995288417449,-0.290471029227869,-0.38392221956144,0.0769290309369736,-0.145910560515974,0.103801805229249,0.10346097656207,0.128133966542278,0.0450685761890309,-0.77778,-0.38462,0.40909,0.38095
0.149040323518627,-0.228485909588988,-0.076148309082257,-0.102491587699516,0.105881944061699,0.0781471992609555,0.0673753628706166,0.0453543493211274,0.271412044897082,-0.359495497259579,-0.267086643864986,-0.260714424917305,0.192817851417723,0.101952237433864,0.0835075561745951,0.0520264988032039,-0.673534628353558,-0.581927161862277,0.0333484611005813,-0.093502833921239,0.230363635577272,0.1650334333188,0.117138625628974,0.080848819375848,-0.347467656092849,-0.66923856451866,0.0516213564540507,-0.312082537700302,0.307436365918113,0.209244746244212,0.18132335192,0.091289890803939,-0.066667,-0.38462,0.5,0
0.207262988381298,-0.278857737828921,-0.122154474336633,-0.0476496672236985,0.09293301541202,0.078003820948628,0.123285219795228,0.0484005348926224,0.453021849728022,-0.121348041545467,-0.176671819696741,-0.294768020398793,0.203126891451089,0.128582648303666,0.182347804614456,0.0584255599258582,-0.754031802834739,-0.150121308715277,0.579248175780471,-0.0625917125181152,0.21092246604244,0.15907133889911,0.186947052006855,0.0798793556250499,-0.164079051952774,-0.108570952451737,0.287740815428307,0.0329790079952592,0.165597880009246,0.112059041778466,0.0928657170372464,0.056457914680128,-0.68889,-1,0.95455,0.52381
-0.0850548616877457,0.00224972550314095,-0.360488772810593,-0.303574860183729,0.0995401766567724,0.0953166447099993,0.114337053397537,0.0311178821457324,-0.0741747138075715,-0.250050092090351,-0.83019682932957,-0.0642564600667877,0.0868070792117348,0.085903583938407,0.0799554290757894,0.0388254125664545,0.00215323829539628,-0.274430796295297,-0.0751959040743682,-0.00638369615755377,0.0912286629154195,0.0942794651573999,0.116381562111224,0.0411514288168246,-0.220706138137833,-0.582836849486719,-0.0481010204378266,0.0526350668593795,0.0700018735803694,0.0561324359905407,0.0744465003328074,0.0325482550918649,-0.33333,-0.12821,-0.045455,0.14286
0.496859987018219,-0.311782829996721,0.117920888042594,-0.195154745183586,0.165110101574143,0.129115197961084,0.204700654674796,0.175402293998537,0.413699398191463,-0.0134979191589669,0.0688066086826441,-0.439529083360758,0.137475247436356,0.127231439171623,0.187308827314808,0.144924211837981,-0.458043265733796,-0.0238160791509313,0.180499184928881,-0.189004253962992,0.189684425311626,0.224490455907447,0.247410563221623,0.213954567630908,0.0796500198995096,0.0558180210441163,0.0829881503261025,0.716778191759,0.138265675309371,0.151950637663731,0.11375200957828,0.0826848815865738,-0.82222,-0.53846,0.72727,0.80952
0.0684804590558511,-0.410737525960386,0.345587006150348,-0.645808547761766,0.316970255102505,0.270141165845958,0.248555384623259,0.297779979290918,0.0194483520322487,0.0745325504893762,0.378157107329817,-0.799847804671075,0.0900190972720758,0.148105871226036,0.120119364282837,0.101431852504775,-0.150847053092204,0.0963834097794735,-0.157532033567722,0.177925882663575,0.0992117744573581,0.191526370470305,0.152424860926341,0.189836172528391,0.151458813757441,0.583570418684859,-0.187989493588587,1.03685534313233,0.108933215190635,0.185367685409008,0.181894893164922,0.115622182203265,-0.68889,-0.53846,0.090909,0.71429
0.0143630543076001,-0.203177107420927,0.404831906008453,-0.547393835743817,0.239591417239921,0.173205304401689,0.194470926669659,0.248628150845454,0.00676176985501662,0.0798409934975809,0.51137307173893,-0.951420754597081,0.112793698883142,0.120317292894443,0.11323361828667,0.091918615507593,-0.176478733399522,0.147309228539046,-0.159485356062041,0.235616233272911,0.150445358371808,0.221989316762746,0.189761162466822,0.243365725278111,0.258978104680154,0.694884440804897,-0.117460412651089,1.12077983961792,0.124406478977599,0.153868640865037,0.139758439262802,0.103805114751523,-0.86667,-0.79487,0.090909,0.57143
0.379093494374809,-0.24903824813239,-0.193780877823341,-0.0820586691681679,0.180427995512789,0.201818672919671,0.158890208051053,0.177289100555525,0.250890659638158,0.0283163079259981,0.422231597565469,-0.777537497388798,0.119410381563124,0.167076417223219,0.114259652836114,0.0807067181790142,-0.140484271396972,0.0241357120246824,-0.0104458299174639,0.035725664493577,0.113847368555017,0.142409395418143,0.121421829058828,0.133381951851253,-0.176503456830265,0.581105338532713,-0.0168664466142678,0.804269852712875,0.144723624397334,0.157252310402149,0.196054771502991,0.115645372547938,-0.86667,-0.89744,0.36364,0.71429
-0.129651339003175,-0.383057890772636,-0.220862284620781,-0.29190996847644,0.16836040913459,0.154064921001684,0.108153348488775,0.150450818931701,-0.109970585970371,0.0695594116576068,0.224946684488558,-0.852532521901052,0.142803714863976,0.151823980156775,0.0984709852660924,0.0568785687881325,-0.342043660232229,0.073227380619175,-0.0508484284341826,-0.00370582387976219,0.137569100551654,0.15982987948177,0.106976798681131,0.148550742628705,-0.41801226573044,0.501935056334472,-0.107777441005789,0.690791969130941,0.20469509461858,0.21972335199882,0.226746154480814,0.187444273866505,-0.68889,-0.53846,0.045455,0.85714
0.123842024401037,-0.451796679408243,0.0119932873340989,-0.253094241879143,0.125653410436465,0.116148225980473,0.122032044482194,0.133698552002514,0.206568046427412,0.00659711962574638,0.616632385939528,-0.910129453963449,0.209589431748542,0.178052577165543,0.120703565391227,0.101568841678702,-0.64242697539139,0.00562393112771542,0.139788147251081,-0.215241351570678,0.165155604090413,0.151786762693115,0.143710292834546,0.163178410087715,0.0217608262430223,0.670761880145104,0.178372031030869,0.932919237125041,0.221417034552959,0.131299218640094,0.183376754875336,0.109780830272713,-0.64444,-0.84615,0.5,0.047619
0.414094872746897,-0.0654079140706405,0.198479042022273,-0.164727467628323,0.156043241082553,0.155873307259576,0.185569993530115,0.170266023628121,0.377563593614409,-0.021065310925845,0.580052013659411,-0.784341905741606,0.142277170619254,0.149144346726346,0.153262129622405,0.104378180734087,-0.0705172608174306,-0.0249082233199419,-0.0270016209514557,0.00663647048941497,0.168049368622702,0.176352521367671,0.195511351100236,0.178952006803814,0.147242880273811,0.471950369131582,-0.0185799418556745,0.788582117577817,0.137666224410234,0.124699366515186,0.13453227649175,0.075311058444151,-0.6,-1,0.18182,0.52381
0.0425404915195257,0.0722912432242441,0.190805573226231,-0.460030334225779,0.195535751474547,0.274268984725826,0.167603942544737,0.182881266081086,0.0222315235124848,-0.121439949091125,0.353814883494424,-0.834499581917647,0.102186352370717,0.197664398677207,0.112058601901166,0.07591225552716,0.0191937252076357,-0.0616976231604433,0.0698116634881211,-0.0177231865020008,0.0728199335218964,0.100423490565456,0.0869148332095604,0.0999873293314864,0.132415515620095,0.469847798087427,0.182474518990788,0.808979980421151,0.116314015868438,0.148808006152879,0.22717897827743,0.114275713254785,-0.77778,-1,0.22727,0.28571
0.0944069698509449,-0.0883910483162747,-0.110791427404153,-0.31362142893026,0.155359186146219,0.161243237510494,0.153166177060923,0.171928317157144,0.0732890325266814,-0.0196674666524103,0.515489702754844,-0.988163902060593,0.120606820288439,0.142445461347406,0.115663965788453,0.0772267452942442,-0.0637843202187528,-0.0182818078060752,0.0177933026358894,0.0162016233469905,0.116355564170677,0.132409557022529,0.130729319759051,0.150548020991398,-0.0882344448048819,0.528831192687598,0.0196373517021141,0.828129058990059,0.121981753575188,0.118657487534674,0.144277747780705,0.109906781590373,-0.91111,-0.58974,0,0.42857
0.578385261918977,0.0451245287839563,-0.032409152135966,-0.0226150500387985,0.116238536684146,0.141304889833773,0.107827374817956,0.0823318440333407,0.741134152336033,-0.0904208412233697,-0.155780014779796,-0.192791581905641,0.148946307982263,0.159426521096396,0.119179451819223,0.0870600223964542,0.0682722693095849,-0.106762956897749,-0.077955755596591,0.277074558731296,0.213790719891629,0.188240305773369,0.132117255165295,0.0891786038846395,-0.0842380652901124,-0.31598964169094,-0.133923638761553,0.288726416810386,0.280265568252751,0.241747777020779,0.226970073210332,0.123015999750159,-0.066667,-0.28205,0.13636,-0.14286
0.483993926984283,-0.187931590883813,0.118033754741839,-0.209992715035662,0.133086070704275,0.120564983997678,0.147694856362112,0.115860473919714,0.591142750982914,0.105271067063031,-0.325572216992351,-0.109269639956806,0.16254928330162,0.136840468660419,0.154746926328975,0.132912476111002,-0.364913237587911,0.167357969090192,-0.17146322388581,0.308193749246512,0.234105178610058,0.217546411975149,0.205634175222107,0.160566375112835,0.160855741176403,-0.3632663952585,-0.120340413870395,0.551474874992953,0.201277724664713,0.172663253099942,0.144323086848093,0.104397518395236,-0.066667,-0.025641,0.40909,0.14286
0.298117773979608,-0.215953189523339,0.449340137098345,-0.444160082494924,0.197393893334822,0.120720018974135,0.207013890780184,0.181959377477648,0.21088333537174,0.205444053063146,-0.0413247436048379,-0.478376634967676,0.139633011654341,0.100188823313734,0.185648107956893,0.144203389539437,-0.398342985818359,0.535718610628574,0.511454501015573,-0.00557544375541202,0.222677761381287,0.261253691337797,0.286895864077559,0.267907626402652,0.270855201656941,-0.0352141931941087,0.167136544999688,0.684687013881698,0.124784733220444,0.158196948593997,0.093753761872091,0.0983215397944376,-0.33333,0.025641,0.63636,-0.19048
0.342588223495708,0.0682863814130686,-0.131034380027105,-0.0777472948434265,0.181812572499516,0.159600362349184,0.276659551162583,0.206644569360395,0.268840007387644,-0.100509322875063,-0.131640595744817,-0.406638393762371,0.14267417845012,0.140729641534475,0.244854336391278,0.170060932791101,0.0761960938591704,-0.142916867002047,0.578018412705628,-0.313520580218197,0.178087108115361,0.200107202865442,0.276419676052355,0.212208592880892,-0.0486016745636387,-0.0622206215551902,0.19213613015763,0.606232729625475,0.102615187462592,0.115731692906355,0.0918832440086519,0.0734985478560849,-0.15556,-0.38462,0.72727,1
