[
  { "nodeid": 0, "depth": 0, "split": 34, "split_condition": -0.506289, "yes": 1, "no": 2, "missing": 1, "gain": 26.6892, "cover": 37.5, "children": [
    { "nodeid": 1, "depth": 1, "split": 23, "split_condition": 0.0776865, "yes": 3, "no": 4, "missing": 3, "gain": 11.3528, "cover": 13.6111, "children": [
      { "nodeid": 3, "leaf": 0.244898, "cover": 4.44444 },
      { "nodeid": 4, "depth": 2, "split": 10, "split_condition": -0.224719, "yes": 7, "no": 8, "missing": 7, "gain": 7.00876, "cover": 9.16667, "children": [
        { "nodeid": 7, "leaf": -0.046988, "cover": 3.61111 },
        { "nodeid": 8, "depth": 3, "split": 4, "split_condition": 0.147347, "yes": 13, "no": 14, "missing": 13, "gain": 4.35056, "cover": 5.55556, "children": [
          { "nodeid": 13, "depth": 4, "split": 3, "split_condition": 0.248536, "yes": 15, "no": 16, "missing": 15, "gain": 2.81683, "cover": 3.61111, "children": [
            { "nodeid": 15, "leaf": 0.214286, "cover": 2.5 },
            { "nodeid": 16, "leaf": 0.0157895, "cover": 1.11111 }
          ]},
          { "nodeid": 14, "leaf": -0.00566038, "cover": 1.94444 }
        ]}
      ]}
    ]},
    { "nodeid": 2, "depth": 1, "split": 33, "split_condition": 0, "yes": 5, "no": 6, "missing": 5, "gain": 2.33619, "cover": 23.8889, "children": [
      { "nodeid": 5, "depth": 2, "split": 20, "split_condition": 0.431209, "yes": 9, "no": 10, "missing": 9, "gain": 0.753996, "cover": 21.1111, "children": [
        { "nodeid": 9, "leaf": -0.0571429, "cover": 20 },
        { "nodeid": 10, "leaf": 0.0157895, "cover": 1.11111 }
      ]},
      { "nodeid": 6, "depth": 2, "split": 5, "split_condition": 0.102967, "yes": 11, "no": 12, "missing": 11, "gain": 2.48336, "cover": 2.77778, "children": [
        { "nodeid": 11, "leaf": -0.0375, "cover": 1.66667 },
        { "nodeid": 12, "leaf": 0.110526, "cover": 1.11111 }
      ]}
    ]}
  ]},
  { "nodeid": 0, "depth": 0, "split": 3, "split_condition": 0.187165, "yes": 1, "no": 2, "missing": 1, "gain": 40.9291, "cover": 37.5, "children": [
    { "nodeid": 1, "depth": 1, "split": 0, "split_condition": -0.137193, "yes": 3, "no": 4, "missing": 3, "gain": 2.87152, "cover": 29.4444, "children": [
      { "nodeid": 3, "depth": 2, "split": 3, "split_condition": -0.19215, "yes": 7, "no": 8, "missing": 7, "gain": 1.9274, "cover": 2.22222, "children": [
        { "nodeid": 7, "leaf": -0.0315789, "cover": 1.11111 },
        { "nodeid": 8, "leaf": 0.110526, "cover": 1.11111 }
      ]},
      { "nodeid": 4, "depth": 2, "split": 27, "split_condition": -0.394247, "yes": 9, "no": 10, "missing": 9, "gain": 1.3459, "cover": 27.2222, "children": [
        { "nodeid": 9, "depth": 3, "split": 3, "split_condition": 0.0777216, "yes": 13, "no": 14, "missing": 13, "gain": 1.06137, "cover": 2.5, "children": [
          { "nodeid": 13, "leaf": -0.0348837, "cover": 1.38889 },
          { "nodeid": 14, "leaf": 0.0631579, "cover": 1.11111 }
        ]},
        { "nodeid": 10, "leaf": -0.0576674, "cover": 24.7222 }
      ]}
    ]},
    { "nodeid": 2, "depth": 1, "split": 7, "split_condition": 0.176533, "yes": 5, "no": 6, "missing": 5, "gain": 8.41259, "cover": 8.05556, "children": [
      { "nodeid": 5, "depth": 2, "split": 9, "split_condition": -0.225684, "yes": 11, "no": 12, "missing": 11, "gain": 1.01232, "cover": 6.94444, "children": [
        { "nodeid": 11, "leaf": 0.0631579, "cover": 1.11111 },
        { "nodeid": 12, "leaf": 0.256098, "cover": 5.83333 }
      ]},
      { "nodeid": 6, "leaf": -0.0315789, "cover": 1.11111 }
    ]}
  ]},
  { "nodeid": 0, "depth": 0, "split": 34, "split_condition": -0.8, "yes": 1, "no": 2, "missing": 1, "gain": 5.20832, "cover": 35.2778, "children": [
    { "nodeid": 1, "depth": 1, "split": 12, "split_condition": 0.176116, "yes": 3, "no": 4, "missing": 3, "gain": 5.26953, "cover": 4.44444, "children": [
      { "nodeid": 3, "leaf": 0.144828, "cover": 2.22222 },
      { "nodeid": 4, "leaf": -0.0413793, "cover": 2.22222 }
    ]},
    { "nodeid": 2, "depth": 1, "split": 27, "split_condition": -0.345175, "yes": 5, "no": 6, "missing": 5, "gain": 1.8532, "cover": 30.8333, "children": [
      { "nodeid": 5, "depth": 2, "split": 20, "split_condition": 0.242711, "yes": 7, "no": 8, "missing": 7, "gain": 6.85674, "cover": 6.38889, "children": [
        { "nodeid": 7, "leaf": 0.157895, "cover": 1.11111 },
        { "nodeid": 8, "leaf": -0.0504425, "cover": 5.27778 }
      ]},
      { "nodeid": 6, "leaf": -0.0576419, "cover": 24.4444 }
    ]}
  ]},
  { "nodeid": 0, "depth": 0, "split": 0, "split_condition": 0.52982, "yes": 1, "no": 2, "missing": 1, "gain": 11.8963, "cover": 36.3889, "children": [
    { "nodeid": 1, "depth": 1, "split": 10, "split_condition": -0.783013, "yes": 3, "no": 4, "missing": 3, "gain": 9.08738, "cover": 33.3333, "children": [
      { "nodeid": 3, "leaf": 0.15, "cover": 1.66667 },
      { "nodeid": 4, "depth": 2, "split": 0, "split_condition": -0.246732, "yes": 7, "no": 8, "missing": 7, "gain": 2.29281, "cover": 31.6667, "children": [
        { "nodeid": 7, "leaf": 0.0631579, "cover": 1.11111 },
        { "nodeid": 8, "depth": 3, "split": 3, "split_condition": -0.227295, "yes": 9, "no": 10, "missing": 9, "gain": 0.768967, "cover": 30.5556, "children": [
          { "nodeid": 9, "depth": 4, "split": 7, "split_condition": 0.0667179, "yes": 11, "no": 12, "missing": 11, "gain": 3.02798, "cover": 7.5, "children": [
            { "nodeid": 11, "leaf": 0.075, "cover": 1.66667 },
            { "nodeid": 12, "leaf": -0.0512195, "cover": 5.83333 }
          ]},
          { "nodeid": 10, "leaf": -0.0575058, "cover": 23.0556 }
        ]}
      ]}
    ]},
    { "nodeid": 2, "depth": 1, "split": 18, "split_condition": 0.212558, "yes": 5, "no": 6, "missing": 5, "gain": 2.23252, "cover": 3.05556, "children": [
      { "nodeid": 5, "leaf": 0.198113, "cover": 1.94444 },
      { "nodeid": 6, "leaf": 0.0157895, "cover": 1.11111 }
    ]}
  ]},
  { "nodeid": 0, "depth": 0, "split": 27, "split_condition": -0.124503, "yes": 1, "no": 2, "missing": 1, "gain": 24.5776, "cover": 41.1111, "children": [
    { "nodeid": 1, "depth": 1, "split": 3, "split_condition": -0.246634, "yes": 3, "no": 4, "missing": 3, "gain": 0.744581, "cover": 19.1667, "children": [
      { "nodeid": 3, "leaf": 0.0157895, "cover": 1.11111 },
      { "nodeid": 4, "leaf": -0.0568513, "cover": 18.0556 }
    ]},
    { "nodeid": 2, "depth": 1, "split": 3, "split_condition": -0.00681969, "yes": 5, "no": 6, "missing": 5, "gain": 11.6285, "cover": 21.9444, "children": [
      { "nodeid": 5, "depth": 2, "split": 11, "split_condition": -0.399189, "yes": 7, "no": 8, "missing": 7, "gain": 12.8158, "cover": 18.0556, "children": [
        { "nodeid": 7, "depth": 3, "split": 5, "split_condition": 0.183545, "yes": 9, "no": 10, "missing": 9, "gain": 3.18838, "cover": 5.83333, "children": [
          { "nodeid": 9, "leaf": -0.046988, "cover": 3.61111 },
          { "nodeid": 10, "depth": 4, "split": 1, "split_condition": -0.114947, "yes": 13, "no": 14, "missing": 13, "gain": 0.424682, "cover": 2.22222, "children": [
            { "nodeid": 13, "leaf": 0.0157895, "cover": 1.11111 },
            { "nodeid": 14, "leaf": 0.110526, "cover": 1.11111 }
          ]}
        ]},
        { "nodeid": 8, "depth": 3, "split": 1, "split_condition": 0.118903, "yes": 11, "no": 12, "missing": 11, "gain": 7.18454, "cover": 12.2222, "children": [
          { "nodeid": 11, "depth": 4, "split": 4, "split_condition": 0.177834, "yes": 15, "no": 16, "missing": 15, "gain": 6.28601, "cover": 11.1111, "children": [
            { "nodeid": 15, "depth": 5, "split": 12, "split_condition": 0.430609, "yes": 17, "no": 18, "missing": 17, "gain": 1.06799, "cover": 9.16667, "children": [
              { "nodeid": 17, "leaf": 0.255828, "cover": 8.05556 },
              { "nodeid": 18, "leaf": 0.0631579, "cover": 1.11111 }
            ]},
            { "nodeid": 16, "leaf": 0.0283019, "cover": 1.94444 }
          ]},
          { "nodeid": 12, "leaf": -0.0315789, "cover": 1.11111 }
        ]}
      ]},
      { "nodeid": 6, "leaf": -0.0477273, "cover": 3.88889 }
    ]}
  ]},
  { "nodeid": 0, "depth": 0, "split": 11, "split_condition": -0.432395, "yes": 1, "no": 2, "missing": 1, "gain": 20.0262, "cover": 35, "children": [
    { "nodeid": 1, "depth": 1, "split": 2, "split_condition": 0.0169846, "yes": 3, "no": 4, "missing": 3, "gain": 6.14773, "cover": 4.44444, "children": [
      { "nodeid": 3, "leaf": -0.0315789, "cover": 1.11111 },
      { "nodeid": 4, "leaf": 0.207692, "cover": 3.33333 }
    ]},
    { "nodeid": 2, "depth": 1, "split": 1, "split_condition": 0.222289, "yes": 5, "no": 6, "missing": 5, "gain": 0.78333, "cover": 30.5556, "children": [
      { "nodeid": 5, "leaf": -0.0580292, "cover": 29.4444 },
      { "nodeid": 6, "leaf": 0.0157895, "cover": 1.11111 }
    ]}
  ]}
]
