[
  { "nodeid": 0, "depth": 0, "split": 34, "split_condition": -0.266665, "yes": 1, "no": 2, "missing": 1, "gain": 11.4349, "cover": 17.5, "children": [
    { "nodeid": 1, "depth": 1, "split": 23, "split_condition": 0.0962082, "yes": 3, "no": 4, "missing": 3, "gain": 10.2984, "cover": 7.5, "children": [
      { "nodeid": 3, "depth": 2, "split": 11, "split_condition": -0.0554966, "yes": 5, "no": 6, "missing": 5, "gain": 3.03107, "cover": 4.72222, "children": [
        { "nodeid": 5, "leaf": 0.226027, "cover": 3.05556 },
        { "nodeid": 6, "leaf": 0.0375, "cover": 1.66667 }
      ]},
      { "nodeid": 4, "leaf": -0.0441176, "cover": 2.77778 }
    ]},
    { "nodeid": 2, "leaf": -0.0545455, "cover": 10 }
  ]},
  { "nodeid": 0, "depth": 0, "split": 18, "split_condition": 0.676128, "yes": 1, "no": 2, "missing": 1, "gain": 7.29414, "cover": 18.8889, "children": [
    { "nodeid": 1, "depth": 1, "split": 3, "split_condition": 0.0776924, "yes": 3, "no": 4, "missing": 3, "gain": 2.13757, "cover": 16.9444, "children": [
      { "nodeid": 3, "leaf": -0.0559702, "cover": 13.8889 },
      { "nodeid": 4, "depth": 2, "split": 3, "split_condition": 0.119377, "yes": 5, "no": 6, "missing": 5, "gain": 2.7056, "cover": 3.05556, "children": [
        { "nodeid": 5, "leaf": 0.110526, "cover": 1.11111 },
        { "nodeid": 6, "leaf": -0.0396226, "cover": 1.94444 }
      ]}
    ]},
    { "nodeid": 2, "leaf": 0.130189, "cover": 1.94444 }
  ]},
  { "nodeid": 0, "depth": 0, "split": 11, "split_condition": -0.096034, "yes": 1, "no": 2, "missing": 1, "gain": 7.326, "cover": 17.2222, "children": [
    { "nodeid": 1, "leaf": -0.0559702, "cover": 13.8889 },
    { "nodeid": 2, "depth": 1, "split": 9, "split_condition": -0.0592415, "yes": 3, "no": 4, "missing": 3, "gain": 6.05769, "cover": 3.33333, "children": [
      { "nodeid": 3, "leaf": 0.1875, "cover": 1.66667 },
      { "nodeid": 4, "leaf": -0.0375, "cover": 1.66667 }
    ]}
  ]},
  { "nodeid": 0, "depth": 0, "split": 19, "split_condition": 0.0879859, "yes": 1, "no": 2, "missing": 1, "gain": 9.28425, "cover": 18.8889, "children": [
    { "nodeid": 1, "leaf": -0.056314, "cover": 15.2778 },
    { "nodeid": 2, "depth": 1, "split": 23, "split_condition": 0.113537, "yes": 3, "no": 4, "missing": 3, "gain": 6.86534, "cover": 3.61111, "children": [
      { "nodeid": 3, "leaf": 0.198113, "cover": 1.94444 },
      { "nodeid": 4, "leaf": -0.0375, "cover": 1.66667 }
    ]}
  ]},
  { "nodeid": 0, "depth": 0, "split": 15, "split_condition": 0.05771, "yes": 1, "no": 2, "missing": 1, "gain": 13.7758, "cover": 18.0556, "children": [
    { "nodeid": 1, "depth": 1, "split": 32, "split_condition": 0.022727, "yes": 3, "no": 4, "missing": 3, "gain": 17.5427, "cover": 8.05556, "children": [
      { "nodeid": 3, "leaf": 0.226531, "cover": 4.44444 },
      { "nodeid": 4, "leaf": -0.046988, "cover": 3.61111 }
    ]},
    { "nodeid": 2, "leaf": -0.0545455, "cover": 10 }
  ]},
  { "nodeid": 0, "depth": 0, "split": 31, "split_condition": 0.115458, "yes": 1, "no": 2, "missing": 1, "gain": 13.4118, "cover": 20, "children": [
    { "nodeid": 1, "leaf": -0.0567568, "cover": 17.5 },
    { "nodeid": 2, "leaf": 0.157143, "cover": 2.5 }
  ]}
]
