[
  { "nodeid": 0, "depth": 0, "split": 34, "split_condition": -0.32756, "yes": 1, "no": 2, "missing": 1, "gain": 40.6497, "cover": 57.7778, "children": [
    { "nodeid": 1, "depth": 1, "split": 1, "split_condition": -0.111194, "yes": 3, "no": 4, "missing": 3, "gain": 14.9589, "cover": 25.5556, "children": [
      { "nodeid": 3, "depth": 2, "split": 2, "split_condition": 0.0861271, "yes": 7, "no": 8, "missing": 7, "gain": 8.35327, "cover": 14.7222, "children": [
        { "nodeid": 7, "depth": 3, "split": 16, "split_condition": -0.208506, "yes": 13, "no": 14, "missing": 13, "gain": 4.65084, "cover": 12.7778, "children": [
          { "nodeid": 13, "depth": 4, "split": 4, "split_condition": 0.179788, "yes": 21, "no": 22, "missing": 21, "gain": 3.40315, "cover": 10.5556, "children": [
            { "nodeid": 21, "leaf": 0.260656, "cover": 9.16667 },
            { "nodeid": 22, "leaf": 0.0488372, "cover": 1.38889 }
          ]},
          { "nodeid": 14, "depth": 4, "split": 0, "split_condition": 0.25553, "yes": 23, "no": 24, "missing": 23, "gain": 1.9274, "cover": 2.22222, "children": [
            { "nodeid": 23, "leaf": -0.0315789, "cover": 1.11111 },
            { "nodeid": 24, "leaf": 0.110526, "cover": 1.11111 }
          ]}
        ]},
        { "nodeid": 8, "leaf": -0.00566038, "cover": 1.94444 }
      ]},
      { "nodeid": 4, "depth": 2, "split": 26, "split_condition": 0.23084, "yes": 9, "no": 10, "missing": 9, "gain": 4.24727, "cover": 10.8333, "children": [
        { "nodeid": 9, "depth": 3, "split": 7, "split_condition": 0.0542318, "yes": 15, "no": 16, "missing": 15, "gain": 1.62589, "cover": 7.22222, "children": [
          { "nodeid": 15, "leaf": 0.0631579, "cover": 1.11111 },
          { "nodeid": 16, "depth": 4, "split": 0, "split_condition": 0.17825, "yes": 25, "no": 26, "missing": 25, "gain": 0.552632, "cover": 6.11111, "children": [
            { "nodeid": 25, "leaf": -0.05, "cover": 5 },
            { "nodeid": 26, "leaf": 0.0157895, "cover": 1.11111 }
          ]}
        ]},
        { "nodeid": 10, "depth": 3, "split": 3, "split_condition": -0.0588732, "yes": 17, "no": 18, "missing": 17, "gain": 3.78712, "cover": 3.61111, "children": [
          { "nodeid": 17, "leaf": -0.0315789, "cover": 1.11111 },
          { "nodeid": 18, "leaf": 0.157143, "cover": 2.5 }
        ]}
      ]}
    ]},
    { "nodeid": 2, "depth": 1, "split": 27, "split_condition": -0.110745, "yes": 5, "no": 6, "missing": 5, "gain": 2.65717, "cover": 32.2222, "children": [
      { "nodeid": 5, "depth": 2, "split": 26, "split_condition": 0.118795, "yes": 11, "no": 12, "missing": 11, "gain": 4.06344, "cover": 6.94444, "children": [
        { "nodeid": 11, "depth": 3, "split": 7, "split_condition": 0.0816545, "yes": 19, "no": 20, "missing": 19, "gain": 1.26813, "cover": 2.77778, "children": [
          { "nodeid": 19, "leaf": 0.132558, "cover": 1.38889 },
          { "nodeid": 20, "leaf": 0.00697674, "cover": 1.38889 }
        ]},
        { "nodeid": 12, "leaf": -0.0483871, "cover": 4.16667 }
      ]},
      { "nodeid": 6, "leaf": -0.0577167, "cover": 25.2778 }
    ]}
  ]},
  { "nodeid": 0, "depth": 0, "split": 3, "split_condition": 0.187165, "yes": 1, "no": 2, "missing": 1, "gain": 52.0237, "cover": 57.7778, "children": [
    { "nodeid": 1, "depth": 1, "split": 0, "split_condition": -0.136072, "yes": 3, "no": 4, "missing": 3, "gain": 4.27883, "cover": 47.2222, "children": [
      { "nodeid": 3, "depth": 2, "split": 3, "split_condition": -0.19215, "yes": 7, "no": 8, "missing": 7, "gain": 5.43318, "cover": 4.16667, "children": [
        { "nodeid": 7, "leaf": -0.0428571, "cover": 2.5 },
        { "nodeid": 8, "leaf": 0.15, "cover": 1.66667 }
      ]},
      { "nodeid": 4, "depth": 2, "split": 3, "split_condition": 0.0777216, "yes": 9, "no": 10, "missing": 9, "gain": 3.26421, "cover": 43.0556, "children": [
        { "nodeid": 9, "leaf": -0.0584958, "cover": 38.8889 },
        { "nodeid": 10, "depth": 3, "split": 4, "split_condition": 0.153034, "yes": 13, "no": 14, "missing": 13, "gain": 4.49748, "cover": 4.16667, "children": [
          { "nodeid": 13, "leaf": -0.0441176, "cover": 2.77778 },
          { "nodeid": 14, "leaf": 0.132558, "cover": 1.38889 }
        ]}
      ]}
    ]},
    { "nodeid": 2, "depth": 1, "split": 7, "split_condition": 0.176533, "yes": 5, "no": 6, "missing": 5, "gain": 12.5539, "cover": 10.5556, "children": [
      { "nodeid": 5, "depth": 2, "split": 9, "split_condition": -0.225684, "yes": 11, "no": 12, "missing": 11, "gain": 1.02444, "cover": 8.88889, "children": [
        { "nodeid": 11, "leaf": 0.0631579, "cover": 1.11111 },
        { "nodeid": 12, "leaf": 0.25443, "cover": 7.77778 }
      ]},
      { "nodeid": 6, "leaf": -0.0375, "cover": 1.66667 }
    ]}
  ]},
  { "nodeid": 0, "depth": 0, "split": 34, "split_condition": -0.58068, "yes": 1, "no": 2, "missing": 1, "gain": 4.27451, "cover": 57.7778, "children": [
    { "nodeid": 1, "depth": 1, "split": 20, "split_condition": 0.236843, "yes": 3, "no": 4, "missing": 3, "gain": 5.28965, "cover": 17.5, "children": [
      { "nodeid": 3, "depth": 2, "split": 11, "split_condition": -0.096034, "yes": 7, "no": 8, "missing": 7, "gain": 8.91148, "cover": 9.44444, "children": [
        { "nodeid": 7, "depth": 3, "split": 0, "split_condition": -0.0200711, "yes": 9, "no": 10, "missing": 9, "gain": 0.514521, "cover": 5.27778, "children": [
          { "nodeid": 9, "leaf": 0.0157895, "cover": 1.11111 },
          { "nodeid": 10, "leaf": -0.0483871, "cover": 4.16667 }
        ]},
        { "nodeid": 8, "depth": 3, "split": 9, "split_condition": -0.00430278, "yes": 11, "no": 12, "missing": 11, "gain": 3.35983, "cover": 4.16667, "children": [
          { "nodeid": 11, "leaf": 0.194118, "cover": 2.77778 },
          { "nodeid": 12, "leaf": 0.00697674, "cover": 1.38889 }
        ]}
      ]},
      { "nodeid": 4, "leaf": -0.0533742, "cover": 8.05556 }
    ]},
    { "nodeid": 2, "depth": 1, "split": 5, "split_condition": 0.297756, "yes": 5, "no": 6, "missing": 5, "gain": 0.799575, "cover": 40.2778, "children": [
      { "nodeid": 5, "leaf": -0.0585062, "cover": 39.1667 },
      { "nodeid": 6, "leaf": 0.0157895, "cover": 1.11111 }
    ]}
  ]},
  { "nodeid": 0, "depth": 0, "split": 0, "split_condition": 0.531569, "yes": 1, "no": 2, "missing": 1, "gain": 14.4567, "cover": 57.7778, "children": [
    { "nodeid": 1, "depth": 1, "split": 10, "split_condition": -0.783013, "yes": 3, "no": 4, "missing": 3, "gain": 10.1, "cover": 54.4444, "children": [
      { "nodeid": 3, "leaf": 0.144828, "cover": 2.22222 },
      { "nodeid": 4, "depth": 2, "split": 4, "split_condition": 0.251046, "yes": 7, "no": 8, "missing": 7, "gain": 3.4063, "cover": 52.2222, "children": [
        { "nodeid": 7, "depth": 3, "split": 26, "split_condition": 0.459215, "yes": 9, "no": 10, "missing": 9, "gain": 2.03329, "cover": 50.5556, "children": [
          { "nodeid": 9, "depth": 4, "split": 7, "split_condition": 0.0369205, "yes": 11, "no": 12, "missing": 11, "gain": 0.68233, "cover": 45.2778, "children": [
            { "nodeid": 11, "leaf": 0.0157895, "cover": 1.11111 },
            { "nodeid": 12, "depth": 5, "split": 19, "split_condition": 0.142759, "yes": 15, "no": 16, "missing": 15, "gain": 0.751408, "cover": 44.1667, "children": [
              { "nodeid": 15, "leaf": -0.058371, "cover": 35.8333 },
              { "nodeid": 16, "leaf": -0.0214286, "cover": 8.33333 }
            ]}
          ]},
          { "nodeid": 10, "depth": 4, "split": 30, "split_condition": 0.17429, "yes": 13, "no": 14, "missing": 13, "gain": 2.92504, "cover": 5.27778, "children": [
            { "nodeid": 13, "leaf": -0.0452055, "cover": 3.05556 },
            { "nodeid": 14, "depth": 5, "split": 31, "split_condition": 0.130031, "yes": 17, "no": 18, "missing": 17, "gain": 3.26679, "cover": 2.22222, "children": [
              { "nodeid": 17, "leaf": 0.157895, "cover": 1.11111 },
              { "nodeid": 18, "leaf": -0.0315789, "cover": 1.11111 }
            ]}
          ]}
        ]},
        { "nodeid": 8, "leaf": 0.075, "cover": 1.66667 }
      ]}
    ]},
    { "nodeid": 2, "depth": 1, "split": 18, "split_condition": 0.212558, "yes": 5, "no": 6, "missing": 5, "gain": 2.53804, "cover": 3.33333, "children": [
      { "nodeid": 5, "leaf": 0.206897, "cover": 2.22222 },
      { "nodeid": 6, "leaf": 0.0157895, "cover": 1.11111 }
    ]}
  ]},
  { "nodeid": 0, "depth": 0, "split": 27, "split_condition": -0.144715, "yes": 1, "no": 2, "missing": 1, "gain": 34.8397, "cover": 57.7778, "children": [
    { "nodeid": 1, "depth": 1, "split": 3, "split_condition": -0.271414, "yes": 3, "no": 4, "missing": 3, "gain": 0.771223, "cover": 25.8333, "children": [
      { "nodeid": 3, "leaf": 0.0157895, "cover": 1.11111 },
      { "nodeid": 4, "leaf": -0.0576674, "cover": 24.7222 }
    ]},
    { "nodeid": 2, "depth": 1, "split": 3, "split_condition": -0.0253712, "yes": 5, "no": 6, "missing": 5, "gain": 13.2611, "cover": 31.9444, "children": [
      { "nodeid": 5, "depth": 2, "split": 3, "split_condition": -0.218378, "yes": 7, "no": 8, "missing": 7, "gain": 15.1762, "cover": 26.3889, "children": [
        { "nodeid": 7, "depth": 3, "split": 15, "split_condition": 0.252349, "yes": 11, "no": 12, "missing": 11, "gain": 6.01474, "cover": 15, "children": [
          { "nodeid": 11, "depth": 4, "split": 2, "split_condition": -0.0327683, "yes": 15, "no": 16, "missing": 15, "gain": 5.66695, "cover": 10.8333, "children": [
            { "nodeid": 15, "depth": 5, "split": 3, "split_condition": -0.295512, "yes": 21, "no": 22, "missing": 21, "gain": 1.08204, "cover": 2.77778, "children": [
              { "nodeid": 21, "leaf": 0.15, "cover": 1.66667 },
              { "nodeid": 22, "leaf": 0.0157895, "cover": 1.11111 }
            ]},
            { "nodeid": 16, "depth": 5, "split": 7, "split_condition": 0.175122, "yes": 23, "no": 24, "missing": 23, "gain": 1.77022, "cover": 8.05556, "children": [
              { "nodeid": 23, "leaf": -0.0521739, "cover": 6.66667 },
              { "nodeid": 24, "leaf": 0.0488372, "cover": 1.38889 }
            ]}
          ]},
          { "nodeid": 12, "depth": 4, "split": 10, "split_condition": 0.273642, "yes": 17, "no": 18, "missing": 17, "gain": 7.78595, "cover": 4.16667, "children": [
            { "nodeid": 17, "leaf": 0.220588, "cover": 2.77778 },
            { "nodeid": 18, "leaf": -0.0348837, "cover": 1.38889 }
          ]}
        ]},
        { "nodeid": 8, "depth": 3, "split": 19, "split_condition": 0.102685, "yes": 13, "no": 14, "missing": 13, "gain": 8.78854, "cover": 11.3889, "children": [
          { "nodeid": 13, "depth": 4, "split": 35, "split_condition": -0.434243, "yes": 19, "no": 20, "missing": 19, "gain": 10.7509, "cover": 10.2778, "children": [
            { "nodeid": 19, "leaf": -0.0315789, "cover": 1.11111 },
            { "nodeid": 20, "leaf": 0.270492, "cover": 9.16667 }
          ]},
          { "nodeid": 14, "leaf": -0.0315789, "cover": 1.11111 }
        ]}
      ]},
      { "nodeid": 6, "depth": 2, "split": 1, "split_condition": -0.445278, "yes": 9, "no": 10, "missing": 9, "gain": 0.528246, "cover": 5.55556, "children": [
        { "nodeid": 9, "leaf": 0.0157895, "cover": 1.11111 },
        { "nodeid": 10, "leaf": -0.0489796, "cover": 4.44444 }
      ]}
    ]}
  ]},
  { "nodeid": 0, "depth": 0, "split": 11, "split_condition": -0.427028, "yes": 1, "no": 2, "missing": 1, "gain": 44.1797, "cover": 57.7778, "children": [
    { "nodeid": 1, "depth": 1, "split": 33, "split_condition": -0.264139, "yes": 3, "no": 4, "missing": 3, "gain": 6.33536, "cover": 9.72222, "children": [
      { "nodeid": 3, "depth": 2, "split": 23, "split_condition": 0.255544, "yes": 7, "no": 8, "missing": 7, "gain": 3.8409, "cover": 8.61111, "children": [
        { "nodeid": 7, "depth": 3, "split": 9, "split_condition": -0.0704358, "yes": 9, "no": 10, "missing": 9, "gain": 0.892277, "cover": 6.38889, "children": [
          { "nodeid": 9, "leaf": 0.0631579, "cover": 1.11111 },
          { "nodeid": 10, "leaf": 0.252212, "cover": 5.27778 }
        ]},
        { "nodeid": 8, "depth": 3, "split": 10, "split_condition": 0.176976, "yes": 11, "no": 12, "missing": 11, "gain": 1.9274, "cover": 2.22222, "children": [
          { "nodeid": 11, "leaf": -0.0315789, "cover": 1.11111 },
          { "nodeid": 12, "leaf": 0.110526, "cover": 1.11111 }
        ]}
      ]},
      { "nodeid": 4, "leaf": -0.0315789, "cover": 1.11111 }
    ]},
    { "nodeid": 2, "depth": 1, "split": 1, "split_condition": 0.261824, "yes": 5, "no": 6, "missing": 5, "gain": 2.71181, "cover": 48.0556, "children": [
      { "nodeid": 5, "leaf": -0.0587486, "cover": 46.9444 },
      { "nodeid": 6, "leaf": 0.0631579, "cover": 1.11111 }
    ]}
  ]}
]
