[
  { "nodeid": 0, "depth": 0, "split": 34, "split_condition": -0.17778, "yes": 1, "no": 2, "missing": 1, "gain": 24.4024, "cover": 28.8889, "children": [
    { "nodeid": 1, "depth": 1, "split": 23, "split_condition": 0.0787755, "yes": 3, "no": 4, "missing": 3, "gain": 22.7357, "cover": 14.1667, "children": [
      { "nodeid": 3, "depth": 2, "split": 12, "split_condition": 0.14833, "yes": 5, "no": 6, "missing": 5, "gain": 4.65558, "cover": 8.05556, "children": [
        { "nodeid": 5, "leaf": 0.24965, "cover": 6.94444 },
        { "nodeid": 6, "leaf": 0.0157895, "cover": 1.11111 }
      ]},
      { "nodeid": 4, "depth": 2, "split": 12, "split_condition": 0.114487, "yes": 7, "no": 8, "missing": 7, "gain": 1.95148, "cover": 6.11111, "children": [
        { "nodeid": 7, "leaf": 0.0631579, "cover": 1.11111 },
        { "nodeid": 8, "leaf": -0.05, "cover": 5 }
      ]}
    ]},
    { "nodeid": 2, "leaf": -0.0561837, "cover": 14.7222 }
  ]},
  { "nodeid": 0, "depth": 0, "split": 22, "split_condition": 0.193233, "yes": 1, "no": 2, "missing": 1, "gain": 8.91923, "cover": 28.8889, "children": [
    { "nodeid": 1, "depth": 1, "split": 2, "split_condition": 0.384813, "yes": 3, "no": 4, "missing": 3, "gain": 2.41974, "cover": 23.3333, "children": [
      { "nodeid": 3, "depth": 2, "split": 27, "split_condition": -0.368606, "yes": 7, "no": 8, "missing": 7, "gain": 0.758673, "cover": 22.2222, "children": [
        { "nodeid": 7, "leaf": 0.0157895, "cover": 1.11111 },
        { "nodeid": 8, "leaf": -0.0572864, "cover": 21.1111 }
      ]},
      { "nodeid": 4, "leaf": 0.0631579, "cover": 1.11111 }
    ]},
    { "nodeid": 2, "depth": 1, "split": 32, "split_condition": 0.0454545, "yes": 5, "no": 6, "missing": 5, "gain": 6.96111, "cover": 5.55556, "children": [
      { "nodeid": 5, "leaf": -0.0413793, "cover": 2.22222 },
      { "nodeid": 6, "depth": 2, "split": 3, "split_condition": -0.0960166, "yes": 9, "no": 10, "missing": 9, "gain": 2.53804, "cover": 3.33333, "children": [
        { "nodeid": 9, "leaf": 0.0157895, "cover": 1.11111 },
        { "nodeid": 10, "leaf": 0.206897, "cover": 2.22222 }
      ]}
    ]}
  ]},
  { "nodeid": 0, "depth": 0, "split": 11, "split_condition": -0.096034, "yes": 1, "no": 2, "missing": 1, "gain": 14.9596, "cover": 28.8889, "children": [
    { "nodeid": 1, "depth": 1, "split": 2, "split_condition": 0.384813, "yes": 3, "no": 4, "missing": 3, "gain": 0.762928, "cover": 23.3333, "children": [
      { "nodeid": 3, "leaf": -0.0574163, "cover": 22.2222 },
      { "nodeid": 4, "leaf": 0.0157895, "cover": 1.11111 }
    ]},
    { "nodeid": 2, "depth": 1, "split": 20, "split_condition": 0.131457, "yes": 5, "no": 6, "missing": 5, "gain": 5.83761, "cover": 5.55556, "children": [
      { "nodeid": 5, "depth": 2, "split": 0, "split_condition": -0.148502, "yes": 7, "no": 8, "missing": 7, "gain": 0.228675, "cover": 2.22222, "children": [
        { "nodeid": 7, "leaf": -0.0315789, "cover": 1.11111 },
        { "nodeid": 8, "leaf": 0.0157895, "cover": 1.11111 }
      ]},
      { "nodeid": 6, "leaf": 0.184615, "cover": 3.33333 }
    ]}
  ]},
  { "nodeid": 0, "depth": 0, "split": 19, "split_condition": 0.120261, "yes": 1, "no": 2, "missing": 1, "gain": 21.6808, "cover": 28.8889, "children": [
    { "nodeid": 1, "leaf": -0.0575342, "cover": 23.3333 },
    { "nodeid": 2, "depth": 1, "split": 23, "split_condition": 0.123663, "yes": 3, "no": 4, "missing": 3, "gain": 11.6598, "cover": 5.55556, "children": [
      { "nodeid": 3, "leaf": 0.23494, "cover": 3.61111 },
      { "nodeid": 4, "leaf": -0.0396226, "cover": 1.94444 }
    ]}
  ]},
  { "nodeid": 0, "depth": 0, "split": 15, "split_condition": 0.05771, "yes": 1, "no": 2, "missing": 1, "gain": 21.8363, "cover": 28.8889, "children": [
    { "nodeid": 1, "depth": 1, "split": 34, "split_condition": -0.0666665, "yes": 3, "no": 4, "missing": 3, "gain": 32.1572, "cover": 13.8889, "children": [
      { "nodeid": 3, "depth": 2, "split": 2, "split_condition": -0.483023, "yes": 7, "no": 8, "missing": 7, "gain": 0.573634, "cover": 6.66667, "children": [
        { "nodeid": 7, "leaf": 0.0157895, "cover": 1.11111 },
        { "nodeid": 8, "leaf": -0.0508475, "cover": 5.55556 }
      ]},
      { "nodeid": 4, "leaf": 0.251351, "cover": 7.22222 }
    ]},
    { "nodeid": 2, "depth": 1, "split": 5, "split_condition": 0.10234, "yes": 5, "no": 6, "missing": 5, "gain": 0.716811, "cover": 15, "children": [
      { "nodeid": 5, "leaf": 0.0157895, "cover": 1.11111 },
      { "nodeid": 6, "leaf": -0.0559702, "cover": 13.8889 }
    ]}
  ]},
  { "nodeid": 0, "depth": 0, "split": 27, "split_condition": 0.133972, "yes": 1, "no": 2, "missing": 1, "gain": 27.979, "cover": 28.8889, "children": [
    { "nodeid": 1, "depth": 1, "split": 6, "split_condition": 0.08318, "yes": 3, "no": 4, "missing": 3, "gain": 0.769516, "cover": 25.2778, "children": [
      { "nodeid": 3, "leaf": 0.0157895, "cover": 1.11111 },
      { "nodeid": 4, "leaf": -0.0576159, "cover": 24.1667 }
    ]},
    { "nodeid": 2, "leaf": 0.213253, "cover": 3.61111 }
  ]}
]
