[
  { "nodeid": 0, "depth": 0, "split": 35, "split_condition": -0.112073, "yes": 1, "no": 2, "missing": 1, "gain": 35.8319, "cover": 58.3333, "children": [
    { "nodeid": 1, "depth": 1, "split": 16, "split_condition": -0.410472, "yes": 3, "no": 4, "missing": 3, "gain": 20.6892, "cover": 30, "children": [
      { "nodeid": 3, "depth": 2, "split": 2, "split_condition": 0.165868, "yes": 7, "no": 8, "missing": 7, "gain": 4.24389, "cover": 9.72222, "children": [
        { "nodeid": 7, "depth": 3, "split": 3, "split_condition": 0.231034, "yes": 11, "no": 12, "missing": 11, "gain": 0.978794, "cover": 8.61111, "children": [
          { "nodeid": 11, "leaf": 0.252941, "cover": 7.5 },
          { "nodeid": 12, "leaf": 0.0631579, "cover": 1.11111 }
        ]},
        { "nodeid": 8, "leaf": 0.0157895, "cover": 1.11111 }
      ]},
      { "nodeid": 4, "depth": 2, "split": 15, "split_condition": 0.104917, "yes": 9, "no": 10, "missing": 9, "gain": 9.5051, "cover": 20.2778, "children": [
        { "nodeid": 9, "depth": 3, "split": 3, "split_condition": -0.000385187, "yes": 13, "no": 14, "missing": 13, "gain": 10.3082, "cover": 7.5, "children": [
          { "nodeid": 13, "depth": 4, "split": 0, "split_condition": -0.132147, "yes": 17, "no": 18, "missing": 17, "gain": 1.47894, "cover": 3.61111, "children": [
            { "nodeid": 17, "leaf": 0.0631579, "cover": 1.11111 },
            { "nodeid": 18, "leaf": -0.0428571, "cover": 2.5 }
          ]},
          { "nodeid": 14, "leaf": 0.218182, "cover": 3.88889 }
        ]},
        { "nodeid": 10, "depth": 3, "split": 28, "split_condition": 0.39278, "yes": 15, "no": 16, "missing": 15, "gain": 3.53115, "cover": 12.7778, "children": [
          { "nodeid": 15, "depth": 4, "split": 0, "split_condition": -0.0879838, "yes": 19, "no": 20, "missing": 19, "gain": 0.640583, "cover": 9.16667, "children": [
            { "nodeid": 19, "leaf": 0.0157895, "cover": 1.11111 },
            { "nodeid": 20, "leaf": -0.0533742, "cover": 8.05556 }
          ]},
          { "nodeid": 16, "depth": 4, "split": 8, "split_condition": 0.342839, "yes": 21, "no": 22, "missing": 21, "gain": 2.72215, "cover": 3.61111, "children": [
            { "nodeid": 21, "leaf": -0.0348837, "cover": 1.38889 },
            { "nodeid": 22, "depth": 5, "split": 10, "split_condition": -0.0495984, "yes": 23, "no": 24, "missing": 23, "gain": 1.14338, "cover": 2.22222, "children": [
              { "nodeid": 23, "leaf": 0.0157895, "cover": 1.11111 },
              { "nodeid": 24, "leaf": 0.157895, "cover": 1.11111 }
            ]}
          ]}
        ]}
      ]}
    ]},
    { "nodeid": 2, "depth": 1, "split": 27, "split_condition": -0.167155, "yes": 5, "no": 6, "missing": 5, "gain": 2.2522, "cover": 28.3333, "children": [
      { "nodeid": 5, "leaf": 0.0488372, "cover": 1.38889 },
      { "nodeid": 6, "leaf": -0.0578529, "cover": 26.9444 }
    ]}
  ]},
  { "nodeid": 0, "depth": 0, "split": 3, "split_condition": 0.2959, "yes": 1, "no": 2, "missing": 1, "gain": 70.2996, "cover": 58.3333, "children": [
    { "nodeid": 1, "depth": 1, "split": 19, "split_condition": -0.401314, "yes": 3, "no": 4, "missing": 3, "gain": 6.59188, "cover": 48.8889, "children": [
      { "nodeid": 3, "depth": 2, "split": 23, "split_condition": 0.100264, "yes": 7, "no": 8, "missing": 7, "gain": 6.416, "cover": 7.77778, "children": [
        { "nodeid": 7, "depth": 3, "split": 11, "split_condition": 0.104484, "yes": 9, "no": 10, "missing": 9, "gain": 4.25999, "cover": 3.88889, "children": [
          { "nodeid": 9, "leaf": 0.167647, "cover": 2.77778 },
          { "nodeid": 10, "leaf": -0.0315789, "cover": 1.11111 }
        ]},
        { "nodeid": 8, "leaf": -0.0477273, "cover": 3.88889 }
      ]},
      { "nodeid": 4, "leaf": -0.0585752, "cover": 41.1111 }
    ]},
    { "nodeid": 2, "depth": 1, "split": 7, "split_condition": 0.154768, "yes": 5, "no": 6, "missing": 5, "gain": 5.57011, "cover": 9.44444, "children": [
      { "nodeid": 5, "leaf": 0.267857, "cover": 8.33333 },
      { "nodeid": 6, "leaf": 0.0157895, "cover": 1.11111 }
    ]}
  ]},
  { "nodeid": 0, "depth": 0, "split": 11, "split_condition": 0.116903, "yes": 1, "no": 2, "missing": 1, "gain": 12.1605, "cover": 58.3333, "children": [
    { "nodeid": 1, "leaf": -0.0587629, "cover": 47.5 },
    { "nodeid": 2, "depth": 1, "split": 20, "split_condition": 0.231067, "yes": 3, "no": 4, "missing": 3, "gain": 21.8876, "cover": 10.8333, "children": [
      { "nodeid": 3, "leaf": 0.218182, "cover": 3.88889 },
      { "nodeid": 4, "leaf": -0.0524476, "cover": 6.94444 }
    ]}
  ]},
  { "nodeid": 0, "depth": 0, "split": 32, "split_condition": -0.19879, "yes": 1, "no": 2, "missing": 1, "gain": 10.8037, "cover": 58.3333, "children": [
    { "nodeid": 1, "depth": 1, "split": 35, "split_condition": 0.157106, "yes": 3, "no": 4, "missing": 3, "gain": 11.2194, "cover": 22.7778, "children": [
      { "nodeid": 3, "depth": 2, "split": 1, "split_condition": -0.207259, "yes": 7, "no": 8, "missing": 7, "gain": 8.69521, "cover": 7.77778, "children": [
        { "nodeid": 7, "leaf": -0.0396226, "cover": 1.94444 },
        { "nodeid": 8, "depth": 3, "split": 5, "split_condition": 0.104421, "yes": 13, "no": 14, "missing": 13, "gain": 3.05571, "cover": 5.83333, "children": [
          { "nodeid": 13, "leaf": 0.0157895, "cover": 1.11111 },
          { "nodeid": 14, "depth": 4, "split": 2, "split_condition": 0.223562, "yes": 19, "no": 20, "missing": 19, "gain": 0.424981, "cover": 4.72222, "children": [
            { "nodeid": 19, "leaf": 0.23494, "cover": 3.61111 },
            { "nodeid": 20, "leaf": 0.0631579, "cover": 1.11111 }
          ]}
        ]}
      ]},
      { "nodeid": 4, "depth": 2, "split": 0, "split_condition": 0.325276, "yes": 9, "no": 10, "missing": 9, "gain": 6.28441, "cover": 15, "children": [
        { "nodeid": 9, "depth": 3, "split": 5, "split_condition": 0.275766, "yes": 15, "no": 16, "missing": 15, "gain": 0.68168, "cover": 11.6667, "children": [
          { "nodeid": 15, "leaf": -0.0548077, "cover": 10.5556 },
          { "nodeid": 16, "leaf": 0.0157895, "cover": 1.11111 }
        ]},
        { "nodeid": 10, "depth": 3, "split": 19, "split_condition": 0.0549491, "yes": 17, "no": 18, "missing": 17, "gain": 4.53235, "cover": 3.33333, "children": [
          { "nodeid": 17, "leaf": -0.0348837, "cover": 1.38889 },
          { "nodeid": 18, "leaf": 0.164151, "cover": 1.94444 }
        ]}
      ]}
    ]},
    { "nodeid": 2, "depth": 1, "split": 13, "split_condition": 0.37857, "yes": 5, "no": 6, "missing": 5, "gain": 2.45398, "cover": 35.5556, "children": [
      { "nodeid": 5, "depth": 2, "split": 0, "split_condition": -0.188087, "yes": 11, "no": 12, "missing": 11, "gain": 1.75587, "cover": 34.4444, "children": [
        { "nodeid": 11, "leaf": 0.0283019, "cover": 1.94444 },
        { "nodeid": 12, "leaf": -0.058209, "cover": 32.5 }
      ]},
      { "nodeid": 6, "leaf": 0.0631579, "cover": 1.11111 }
    ]}
  ]},
  { "nodeid": 0, "depth": 0, "split": 35, "split_condition": 0.157106, "yes": 1, "no": 2, "missing": 1, "gain": 34.1545, "cover": 58.3333, "children": [
    { "nodeid": 1, "depth": 1, "split": 14, "split_condition": 0.316828, "yes": 3, "no": 4, "missing": 3, "gain": 9.64342, "cover": 40.5556, "children": [
      { "nodeid": 3, "depth": 2, "split": 34, "split_condition": 0.146848, "yes": 7, "no": 8, "missing": 7, "gain": 4.36831, "cover": 36.3889, "children": [
        { "nodeid": 7, "depth": 3, "split": 9, "split_condition": 0.402241, "yes": 15, "no": 16, "missing": 15, "gain": 0.728877, "cover": 32.2222, "children": [
          { "nodeid": 15, "depth": 4, "split": 11, "split_condition": -0.425809, "yes": 23, "no": 24, "missing": 23, "gain": 0.784521, "cover": 31.1111, "children": [
            { "nodeid": 23, "leaf": 0.0157895, "cover": 1.11111 },
            { "nodeid": 24, "leaf": -0.0580645, "cover": 30 }
          ]},
          { "nodeid": 16, "leaf": 0.0157895, "cover": 1.11111 }
        ]},
        { "nodeid": 8, "depth": 3, "split": 2, "split_condition": 0.0646361, "yes": 17, "no": 18, "missing": 17, "gain": 3.425, "cover": 4.16667, "children": [
          { "nodeid": 17, "depth": 4, "split": 0, "split_condition": 0.129146, "yes": 25, "no": 26, "missing": 25, "gain": 1.14338, "cover": 2.22222, "children": [
            { "nodeid": 25, "leaf": 0.0157895, "cover": 1.11111 },
            { "nodeid": 26, "leaf": 0.157895, "cover": 1.11111 }
          ]},
          { "nodeid": 18, "leaf": -0.0396226, "cover": 1.94444 }
        ]}
      ]},
      { "nodeid": 4, "depth": 2, "split": 33, "split_condition": -0.42494, "yes": 9, "no": 10, "missing": 9, "gain": 5.05351, "cover": 4.16667, "children": [
        { "nodeid": 9, "leaf": -0.0348837, "cover": 1.38889 },
        { "nodeid": 10, "leaf": 0.167647, "cover": 2.77778 }
      ]}
    ]},
    { "nodeid": 2, "depth": 1, "split": 25, "split_condition": -0.0630994, "yes": 5, "no": 6, "missing": 5, "gain": 24.88, "cover": 17.7778, "children": [
      { "nodeid": 5, "depth": 2, "split": 0, "split_condition": 0.334919, "yes": 11, "no": 12, "missing": 11, "gain": 1.33933, "cover": 8.88889, "children": [
        { "nodeid": 11, "leaf": 0.265823, "cover": 7.77778 },
        { "nodeid": 12, "leaf": 0.0631579, "cover": 1.11111 }
      ]},
      { "nodeid": 6, "depth": 2, "split": 18, "split_condition": 0.26333, "yes": 13, "no": 14, "missing": 13, "gain": 6.59128, "cover": 8.88889, "children": [
        { "nodeid": 13, "depth": 3, "split": 21, "split_condition": 0.212829, "yes": 19, "no": 20, "missing": 19, "gain": 0.563511, "cover": 6.38889, "children": [
          { "nodeid": 19, "leaf": -0.0504425, "cover": 5.27778 },
          { "nodeid": 20, "leaf": 0.0157895, "cover": 1.11111 }
        ]},
        { "nodeid": 14, "depth": 3, "split": 9, "split_condition": -0.120224, "yes": 21, "no": 22, "missing": 21, "gain": 1.53436, "cover": 2.5, "children": [
          { "nodeid": 21, "leaf": 0.174419, "cover": 1.38889 },
          { "nodeid": 22, "leaf": 0.0157895, "cover": 1.11111 }
        ]}
      ]}
    ]}
  ]},
  { "nodeid": 0, "depth": 0, "split": 27, "split_condition": 0.278199, "yes": 1, "no": 2, "missing": 1, "gain": 41.5167, "cover": 58.3333, "children": [
    { "nodeid": 1, "depth": 1, "split": 7, "split_condition": 0.0312986, "yes": 3, "no": 4, "missing": 3, "gain": 0.80639, "cover": 46.3889, "children": [
      { "nodeid": 3, "leaf": 0.0157895, "cover": 1.11111 },
      { "nodeid": 4, "leaf": -0.0587035, "cover": 45.2778 }
    ]},
    { "nodeid": 2, "depth": 1, "split": 9, "split_condition": -0.130689, "yes": 5, "no": 6, "missing": 5, "gain": 9.42461, "cover": 11.9444, "children": [
      { "nodeid": 5, "leaf": -0.0396226, "cover": 1.94444 },
      { "nodeid": 6, "depth": 2, "split": 3, "split_condition": -0.647658, "yes": 7, "no": 8, "missing": 7, "gain": 7.0379, "cover": 10, "children": [
        { "nodeid": 7, "leaf": -0.0315789, "cover": 1.11111 },
        { "nodeid": 8, "depth": 3, "split": 33, "split_condition": -0.260719, "yes": 9, "no": 10, "missing": 9, "gain": 2.11405, "cover": 8.88889, "children": [
          { "nodeid": 9, "depth": 4, "split": 3, "split_condition": -0.0709178, "yes": 11, "no": 12, "missing": 11, "gain": 0.772224, "cover": 7.5, "children": [
            { "nodeid": 11, "leaf": 0.245865, "cover": 6.38889 },
            { "nodeid": 12, "leaf": 0.0631579, "cover": 1.11111 }
          ]},
          { "nodeid": 10, "leaf": 0.0488372, "cover": 1.38889 }
        ]}
      ]}
    ]}
  ]}
]
