[
  { "nodeid": 0, "depth": 0, "split": 27, "split_condition": -0.113614, "yes": 1, "no": 2, "missing": 1, "gain": 24.4153, "cover": 28.8889, "children": [
    { "nodeid": 1, "depth": 1, "split": 3, "split_condition": 0.314398, "yes": 3, "no": 4, "missing": 3, "gain": 25.4921, "cover": 13.6111, "children": [
      { "nodeid": 3, "leaf": 0.247826, "cover": 6.66667 },
      { "nodeid": 4, "depth": 2, "split": 7, "split_condition": 0.149833, "yes": 5, "no": 6, "missing": 5, "gain": 4.2003, "cover": 6.94444, "children": [
        { "nodeid": 5, "leaf": -0.0512195, "cover": 5.83333 },
        { "nodeid": 6, "leaf": 0.110526, "cover": 1.11111 }
      ]}
    ]},
    { "nodeid": 2, "leaf": -0.056314, "cover": 15.2778 }
  ]},
  { "nodeid": 0, "depth": 0, "split": 3, "split_condition": 0.310896, "yes": 1, "no": 2, "missing": 1, "gain": 54.1189, "cover": 28.8889, "children": [
    { "nodeid": 1, "leaf": -0.0572519, "cover": 20.8333 },
    { "nodeid": 2, "depth": 1, "split": 7, "split_condition": 0.149833, "yes": 3, "no": 4, "missing": 3, "gain": 5.21004, "cover": 8.05556, "children": [
      { "nodeid": 3, "leaf": 0.262238, "cover": 6.94444 },
      { "nodeid": 4, "leaf": 0.0157895, "cover": 1.11111 }
    ]}
  ]},
  { "nodeid": 0, "leaf": -0.0579926, "cover": 28.8889 },
  { "nodeid": 0, "depth": 0, "split": 10, "split_condition": -0.74868, "yes": 1, "no": 2, "missing": 1, "gain": 10.3127, "cover": 28.8889, "children": [
    { "nodeid": 1, "leaf": 0.164151, "cover": 1.94444 },
    { "nodeid": 2, "depth": 1, "split": 12, "split_condition": 0.213264, "yes": 3, "no": 4, "missing": 3, "gain": 6.00123, "cover": 26.9444, "children": [
      { "nodeid": 3, "leaf": 0.1125, "cover": 1.66667 },
      { "nodeid": 4, "depth": 2, "split": 5, "split_condition": 0.256384, "yes": 5, "no": 6, "missing": 5, "gain": 2.45063, "cover": 25.2778, "children": [
        { "nodeid": 5, "depth": 3, "split": 7, "split_condition": 0.0394189, "yes": 7, "no": 8, "missing": 7, "gain": 0.765875, "cover": 24.1667, "children": [
          { "nodeid": 7, "leaf": 0.0157895, "cover": 1.11111 },
          { "nodeid": 8, "leaf": -0.0575058, "cover": 23.0556 }
        ]},
        { "nodeid": 6, "leaf": 0.0631579, "cover": 1.11111 }
      ]}
    ]}
  ]},
  { "nodeid": 0, "depth": 0, "split": 27, "split_condition": -0.00881329, "yes": 1, "no": 2, "missing": 1, "gain": 21.8444, "cover": 28.8889, "children": [
    { "nodeid": 1, "depth": 1, "split": 2, "split_condition": -0.28867, "yes": 3, "no": 4, "missing": 3, "gain": 0.72131, "cover": 15.5556, "children": [
      { "nodeid": 3, "leaf": 0.0157895, "cover": 1.11111 },
      { "nodeid": 4, "leaf": -0.0561151, "cover": 14.4444 }
    ]},
    { "nodeid": 2, "depth": 1, "split": 10, "split_condition": 0.334359, "yes": 5, "no": 6, "missing": 5, "gain": 6.96447, "cover": 13.3333, "children": [
      { "nodeid": 5, "depth": 2, "split": 9, "split_condition": 0.512277, "yes": 7, "no": 8, "missing": 7, "gain": 5.38176, "cover": 10.5556, "children": [
        { "nodeid": 7, "depth": 3, "split": 25, "split_condition": -0.224983, "yes": 11, "no": 12, "missing": 11, "gain": 6.11029, "cover": 9.44444, "children": [
          { "nodeid": 11, "leaf": -1.67638e-009, "cover": 1.66667 },
          { "nodeid": 12, "depth": 4, "split": 20, "split_condition": 0.336821, "yes": 13, "no": 14, "missing": 13, "gain": 2.69184, "cover": 7.77778, "children": [
            { "nodeid": 13, "leaf": 0.241463, "cover": 5.83333 },
            { "nodeid": 14, "leaf": 0.0622641, "cover": 1.94444 }
          ]}
        ]},
        { "nodeid": 8, "leaf": -0.0315789, "cover": 1.11111 }
      ]},
      { "nodeid": 6, "depth": 2, "split": 0, "split_condition": 0.0634421, "yes": 9, "no": 10, "missing": 9, "gain": 0.309985, "cover": 2.77778, "children": [
        { "nodeid": 9, "leaf": -0.0375, "cover": 1.66667 },
        { "nodeid": 10, "leaf": 0.0157895, "cover": 1.11111 }
      ]}
    ]}
  ]},
  { "nodeid": 0, "depth": 0, "split": 11, "split_condition": -0.512809, "yes": 1, "no": 2, "missing": 1, "gain": 17.7746, "cover": 28.8889, "children": [
    { "nodeid": 1, "depth": 1, "split": 21, "split_condition": 0.211578, "yes": 3, "no": 4, "missing": 3, "gain": 6.30081, "cover": 5.55556, "children": [
      { "nodeid": 3, "depth": 2, "split": 3, "split_condition": -0.590221, "yes": 7, "no": 8, "missing": 7, "gain": 3.30407, "cover": 4.16667, "children": [
        { "nodeid": 7, "leaf": 0.0157895, "cover": 1.11111 },
        { "nodeid": 8, "leaf": 0.226027, "cover": 3.05556 }
      ]},
      { "nodeid": 4, "leaf": -0.0348837, "cover": 1.38889 }
    ]},
    { "nodeid": 2, "depth": 1, "split": 1, "split_condition": 0.176836, "yes": 5, "no": 6, "missing": 5, "gain": 0.762928, "cover": 23.3333, "children": [
      { "nodeid": 5, "leaf": -0.0574163, "cover": 22.2222 },
      { "nodeid": 6, "leaf": 0.0157895, "cover": 1.11111 }
    ]}
  ]}
]
