"Label","X1","X2","X3","X4","X5","X6","X7","X8","X9","X10","X11","X12","X13","X14","X15","X16","X17","X18","X19","X20","X21","X22","X23","X24","X25","X26","X27","X28","X29","X30","X31","X32","X33","X34","X35","X36"
"1",0.26194428065915804,0.0150573638005791,-0.0672998072534008,-0.203922513869528,0.24085565563851102,0.183022635633517,0.149898103931552,0.0507975272753848,0.186719205101149,-0.0531855053274866,-0.108120424735354,-0.0340103444516566,0.17168680473484701,0.15414793291924903,0.125095100790883,0.0554784044360878,0.0195381622550455,-0.0968161902259132,0.09453973733743459,-0.0894876297609749,0.237486853523202,0.28060306101347704,0.170360991173304,0.0731173052880181,-0.129093413786444,-0.29094971682930304,0.139755815307256,0.0455423889697135,0.287532145282055,0.33662820175676905,0.25184054756782104,0.09125563633240989,-0.14286,-0.6,-0.28570999999999996,-0.1
"1",0.24615102340008801,-0.32942052244469805,-0.249160232901199,-0.22436026562754502,0.12812377777712902,0.08466151115043209,0.0947306224060628,0.0539285918989402,0.583661702841006,-0.11750707651967401,-0.076330318053713,-0.039214856360417896,0.30380106196135903,0.16752252719947203,0.16644724410973,0.110686356914603,-1.2374718709228,-0.18616119302584402,-0.344644612755096,-0.283013826510276,0.318031911979813,0.265398429148534,0.19726065523778502,0.126013606376845,-0.9601312875396911,-0.124047899245927,-0.353540119342787,-0.0439077550712005,0.36504153733166605,0.27050104720586504,0.20235208389565,0.141196287426475,-0.14286,0.04,0.14286,0.05
"1",0.257743490340374,-0.442399648995533,-0.053840002530432196,-0.33729850751871504,0.25341806922383503,0.14685807086180602,0.12912004832771,0.0988985495606315,0.20032520834806603,-0.252370448151573,0.09380708304649701,-0.115080958872739,0.19696337412591203,0.14634440796071502,0.112309177101371,0.10751246480590301,-0.7306400658401,-0.5362648248511881,0.0646804487582983,-0.20096922656684102,0.242541762425095,0.310968890683543,0.16603074783852,0.15465160030997402,-0.16842554069277,0.377564029671899,0.12251441565915501,0.40482937971590804,0.40392111686062804,0.45203308853032204,0.31448699635497,0.20175081283530702,-0.14286,-0.08,0.14286,0.35000000000000003
"1",0.20600296933963402,-0.307649574860535,0.0023182012238380204,-0.46199606363698104,0.19495594741941402,0.12647975507213802,0.123759383362413,0.125788425973326,0.26943079650170504,-0.0163180092014995,0.160939734367774,-0.31075857297477405,0.25498242265312404,0.165601532230496,0.136635982134961,0.17408148728545803,-0.7718375223524141,-0.031301344145280796,0.14641988318586502,-0.0873831620744133,0.317314986789348,0.31765826868490105,0.19312796629113302,0.259764973300535,0.00796587039682926,0.42283568382358105,0.20054534841285301,0.5205993958033951,0.425265588732728,0.35898262891946103,0.26451950681422204,0.280548906284781,-0.57143,-0.52,0.047618999999999995,-0.15
"1",0.48177260187317106,-0.291531833343946,0.183195214604701,-0.477985854799133,0.285040051972765,0.197399999383777,0.16081096565195502,0.14881523886776102,0.24855300593033103,-0.24529350334728603,-0.0926943708501319,-0.09625021019566901,0.14705602073033602,0.13901902238785901,0.11729000948207101,0.128829988578577,-0.32274346117075403,-0.5263572302074581,0.0811650283931923,0.0587355676993364,0.21853379888384603,0.29831066282511,0.17344822795876202,0.190779927879854,0.317703076521947,-0.31159016064279604,0.127146606064512,0.5358722509313081,0.278883586759262,0.394267877985834,0.27171004494726503,0.208805384538771,-0.52381,-0.44,0.28570999999999996,0.8
"1",0.09031022659385579,-0.41674545423250303,-0.12607068388742,-0.43882645355980404,0.21179619405865102,0.227317554379931,0.135069020114358,0.16108048132885303,0.0868466621343936,-0.14613266787948,0.0681407767280685,-0.322102977981985,0.20367341773465802,0.23669516294219603,0.13418874426607202,0.16879683821017,-0.305944120830319,-0.11155841988253,0.0376175213614074,0.26708146588825904,0.16687997101767,0.180694287970207,0.117638994219,0.14863862186546,-0.28948655683019703,0.162706600886058,0.11766118761836801,0.271074581714333,0.31014875434681505,0.32041599032298,0.367954699541639,0.274973375510274,-0.47619,-0.2,0.52381,0.9500000000000001
"1",0.20239935363135303,-0.343674425038385,-4.0561899156896203E-4,-0.43469246125269806,0.222718974741437,0.201085607110279,0.20906974942657902,0.15634569919997,0.178758881913473,-0.35534898830694,0.0823895031158616,-0.161993329564144,0.19670514846706902,0.186318275212282,0.195694210773413,0.16727779080525101,-0.341051269803123,-0.399272161624077,0.0797579093875951,0.12242874905825601,0.19955078599879,0.20934828279240802,0.20757502498826103,0.179163382722441,-4.2180636452042106E-4,0.0970081500645512,0.0835788041770663,0.47193174293501805,0.21741326902756303,0.230416893506138,0.217519146361199,0.155652219042061,-0.66667,-0.28,0.90476,0.5
"1",0.523492738653037,-0.342914001951693,-0.0120995878107275,-0.227324091241694,0.198992007851884,0.180646222076421,0.20307645722105702,0.192922991810621,0.45712038164202806,0.20981193855238803,0.268676810717318,-0.36659079113665305,0.173762300518281,0.176527495685351,0.18093063985935,0.16865012245791902,-0.410421197303855,0.28757745572918403,-0.30475815914277604,0.545966245647851,0.21620884049951303,0.241956336830481,0.212473432075163,0.183871360293571,-0.013333945191622499,0.33907701456633604,-0.280607236829762,0.6935859738420981,0.22379360294355602,0.22833910021223403,0.19563572257442202,0.14743940304532702,-1.0,-0.64,0.90476,0.35000000000000003
"1",-0.21559969640839402,0.16240658064263702,0.0981059154722682,-0.9074507405991151,0.28219596661080504,0.26888356945555103,0.26217226108499103,0.196693716051762,-0.12543551282842502,-0.159882558572877,0.23883767187769,-0.6069367337509121,0.16418110219825702,0.20390326131972,0.19375186501180902,0.16667693328472402,0.105141907928693,-0.17791024416938,0.281223857616752,0.21242126699209501,0.17407503680803402,0.22689453641554602,0.202556686972083,0.21973718360284902,0.06751746747369419,0.28252144155547504,0.298951598222424,0.5220698329672641,0.18042955947253,0.22918937275201,0.21532542016213602,0.201577352436414,-0.57143,-0.2,0.42857,0.8
"1",0.5074557382328121,-0.0136082553825074,-0.21653636544216,0.0147213420855469,0.120379193997105,0.10685499823833801,0.126224273645119,0.034028567292324396,0.903226630121395,0.0309543494832218,0.28013163561778603,-0.0899111588824366,0.214264389066483,0.14245381284720002,0.16910306116214302,0.0411637322591976,-0.056709809636444,0.07247343640263,-0.28113106166824803,-0.11632213421157601,0.445297831240609,0.33352719466095204,0.268210718166213,0.064993760147857,-0.567633840888461,0.412573213209154,-0.176844081783244,0.0593414987222846,0.330887466020914,0.24905217560775803,0.168716604622296,0.0538036080685731,0.19047999999999998,0.04,-0.38094999999999996,0.2
"1",0.30715639415981,0.126248524941267,0.22158617834340802,-0.16055952600506201,0.138587777688155,0.14208272366388602,0.113606743466324,0.0447566792827629,0.641946675910918,0.0104874367489795,-0.162794380612185,0.0117208650482273,0.28964385863478,0.20940695674701,0.17544216705268,0.0829069975838065,0.30081468894922503,0.0119564619867541,0.0203248146342404,-0.10774727716551401,0.33854312629707,0.238739586996898,0.191262927816213,0.0852275853040757,0.7212380890188891,-0.25353387987846504,0.0277644997829238,0.18951881859841302,0.36977717279065203,0.273231380222608,0.26127271581058,0.0944438382489995,0.0,0.04,0.09523799999999999,0.1
"1",0.09884805573511601,0.17385697105119202,-0.21025162737959502,-0.127546176321544,0.13277645147323,0.0955355384399569,0.10246900618385901,0.0319829626480377,0.27278764287724905,-0.180553451836257,-0.0330097473882418,-0.10039229906361201,0.366418691370585,0.16651823289945902,0.187140014861494,0.0675549813128952,0.8171236506449671,-0.307499848283176,0.44729218288575706,-5.93729744919946E-4,0.44901477038504406,0.283596524088629,0.22301132688715303,0.0929010324203739,-0.8270990332068251,-0.0470547842401039,0.374380985968637,-0.0424665428484112,0.40309802594450406,0.266764629199639,0.18665919869990402,0.0844606920812048,0.0,0.04,0.0,0.2
"1",0.574867402183265,0.19379820057615,-0.145729666596357,-0.06338299845969901,0.2036503754427,0.15595249122552102,0.158481235969115,0.0590018514983841,0.49560011028694,-0.0515932527652583,-0.0630680447735819,-0.0682220652767669,0.17556944113732,0.14984471186196502,0.14956479251715102,0.0542370768450084,0.36985707008003804,-0.11421243281250901,0.38167425452797704,-0.16545332987056402,0.29762986088041604,0.331712543182948,0.20658251752620602,0.0752223168954399,-0.278342084573168,-0.139725785495094,0.381979086245943,0.0734903120900947,0.302697443942951,0.33135731719438805,0.2067475087536,0.0822356871521783,-0.23809999999999998,0.04,0.14286,0.4
"1",0.30607663813887404,-0.168880403978513,0.00517757722434779,-0.154917319567026,0.20115893075478103,0.16850678408899902,0.178732406577844,0.0557610238017007,0.35486475748669805,-0.129769433109015,-0.21545819277401101,-0.10948782733407901,0.233223337830149,0.18377870378565603,0.185999081315758,0.0666216742254481,-0.29731587138304505,-0.197050959369612,0.11278207114805501,-0.155591534170461,0.296658109319477,0.279062403410866,0.23573934253584902,0.0801470279150953,0.008529963980789791,-0.30616175363318904,0.105541155248285,0.0530848152632244,0.294458377779366,0.26430094941678,0.220604235189502,0.0839950072959287,0.09523799999999999,-0.28,-0.09523799999999999,0.25
"1",0.5385345131089491,-0.21990484941873,-0.370586262281267,-0.16812343811007902,0.187579546553115,0.12430419686145401,0.0940139716858897,0.0521710597452903,0.5060875594226321,-0.19643801602506203,0.13807418389453,-0.050451851377934696,0.17627779204833402,0.12178767239128702,0.11535111439289601,0.0604112125618428,-0.5663390419348441,-0.5383380956114681,-0.0081981012748556,-0.19776802453024903,0.320130819966356,0.333758938064791,0.19706982261987,0.09241610732777909,-1.11695047660577,0.44283808736638,-0.00959436388339893,-0.13022871947025902,0.28335899403215503,0.36995957848536204,0.23063384133237202,0.10632538027460701,-0.14286,0.04,0.0,0.15
"1",0.0842707281630297,-0.542164228649867,-0.409790591714612,-0.21515660631792902,0.22173180403466503,0.141608197001228,0.145144129369216,0.0709619973038774,0.08508744734091901,-0.31016895295909,-0.12318880385022901,-0.17413440835054902,0.22388074258842702,0.17400151833535102,0.170264520394274,0.0768460748867285,-0.78009277451836,-0.44200274970822806,-0.11643904299596901,-0.23921820354232,0.203752895258922,0.247958890868668,0.204243140640637,0.0878327861418937,-0.695427021652227,-0.20704849041479,-0.137332336936763,-0.060379662449496004,0.246313975084704,0.28617058382750904,0.240891603759176,0.110865982100473,0.0,-0.08,0.0,0.05
"1",-0.17548856393578702,-0.23925200714503403,-0.324549545410236,-0.512486588231566,0.231647356628835,0.0959412288451216,0.136890863731146,0.10646734958213701,-0.14487296711917702,-0.124387519322756,-0.174356179945707,-0.43828171841968905,0.19123434101616502,0.0950975874933882,0.134315416856115,0.10238113404634401,-0.921102177790815,-0.5800834714163411,0.12266086173238401,-0.589509721218551,0.369366493028406,0.44348933861559403,0.299821729558899,0.2716710003551,-0.627036442349098,-0.40804737402178703,0.0615553165566047,-0.200125903499241,0.264475983399007,0.314339607324763,0.15046055614555,0.20771275894209,-0.28570999999999996,-0.32,-0.28570999999999996,-0.1
"1",0.39165097279924105,-0.348138481328073,-0.276433763843421,-0.20524090252860602,0.199958677425729,0.10534462179689101,0.144032523777876,0.07696975170188701,0.39439461414036403,-0.08195323250991329,-0.0401565939867111,-0.0913378048062268,0.20135945243205802,0.129101836001593,0.156455227686726,0.08711215027646901,-0.982754447244747,-0.22973507662828,-0.0888617660793375,-0.21320381623612,0.297375616649079,0.36190421388308,0.261644341890429,0.14220259519813,-0.5398376268786,-0.0778748401741666,-0.061474360242002896,0.06936519883226269,0.281275972762957,0.30341034039262704,0.181004938775282,0.123521498362526,-0.28570999999999996,-0.2,0.047618999999999995,0.15
"1",0.42166087761362203,0.0564254800062712,0.15570768370839,-0.7609319734685951,0.269191072764882,0.15011795123749802,0.12843712293175202,0.141424038666595,0.237957305590132,-0.23393016746344403,-0.00344997671274329,-0.0793928153348184,0.15191350624362202,0.101546660762641,0.0996527656112119,0.16078949623458702,0.11308558568024901,-0.830773216335258,-0.14956472797203701,0.42361033823348304,0.300860115588289,0.36063004136936605,0.18507470029754303,0.29099046369388,0.402180237756804,-0.0157903265507168,-0.192755987991998,0.9126248241594441,0.331742605164118,0.45610444408826106,0.23852052012454103,0.28597504573508203,-1.0,-0.08,0.14286,0.55
"1",0.196242219095202,0.10442242492691901,0.0728387221374326,-0.8003341297664001,0.155550750259545,0.19287940911832302,0.09383045740569229,0.151760503057205,0.37563227704740504,0.0947090062857657,-0.0301882251298126,-0.21800706329341202,0.29774369035278103,0.26796509696165405,0.131584422423068,0.32095412922716204,0.138316389847221,0.0655391332988894,0.143037903197169,0.748910711999168,0.255485194523906,0.185433264458812,0.104834336894985,0.21186228164780502,0.40156179883971904,-0.0869475194408279,0.5953348927229071,0.274226578148537,0.517289789772684,0.37898680951074104,0.436328674526376,0.547518147185701,-1.0,-0.44,0.47619,0.45
"1",0.29874409810081204,-0.173686299493354,-0.023736839683959003,-0.5218022306080491,0.21291505336232702,0.14589036670823702,0.207259819709829,0.167469976410554,0.274942320767886,0.0311724421244307,0.15651798977192502,-0.31598730748451,0.19595151592953702,0.144243021030749,0.19607189527901703,0.18072999845156,-0.348477334309351,0.0679575230274193,-0.44966344847689804,0.416587847535731,0.292708672130158,0.314457185744815,0.27757358339308,0.27058006417066405,-0.0251021623438238,0.179849915801291,-0.237010098350026,0.566608673692185,0.219181226775675,0.2253000687545,0.14630440281993,0.167793141340306,-1.0,-0.76,0.80952,0.35000000000000003
"1",0.37446238602213405,-0.436959254884411,0.0412200600126351,-0.35706216311199,0.22071388471800502,0.232787581934519,0.13781626251116,0.18604339623806102,0.35134400733311705,0.191884298770456,-0.046383276476688,-0.289908276900175,0.20708755705653,0.241527106996399,0.133384386760139,0.18533124294484501,-0.35800354311893,0.167556573977508,-0.0636427009103338,0.379957153639892,0.190724371197244,0.21090550310959902,0.12418309217390801,0.16204123150399,0.113687862068455,-0.13634604762021701,-0.214243522116173,0.5557042151878431,0.380107070158465,0.39209032501470503,0.418043588252172,0.312597030016504,-1.0,-0.84,0.71429,0.4
"1",0.270957682088877,-0.0918284352147551,-0.150940721018844,-0.229346373408,0.193349540235375,0.13752350791866402,0.158763007363129,0.055885269414903196,0.290337384965671,0.12044470381044801,-0.450060917421136,-0.0518903660161959,0.207178476961728,0.14151863596830902,0.13879180573791602,0.0753656855745517,-0.2070890307898,0.25349309111697205,0.0701775355312789,-0.260796867581824,0.310139336460276,0.29784619287803205,0.242616949385093,0.0961434333763401,-0.25051818509324303,-0.697112138963858,0.0516477061283515,-0.12288936288570701,0.26350093067059804,0.214978570285586,0.17855584139191302,0.0912284263553549,-0.38094999999999996,0.08,-0.47619,-0.4
"1",0.33368765442136,-0.5489057985294811,0.0543276335023662,-0.31469349532525603,0.24163497510383503,0.213314052759835,0.152713140406035,0.170413429776018,0.22059856691668903,0.347170892546384,-0.0127257225158419,-0.43437027520535304,0.15974318653559402,0.18264462281990002,0.12446727565633602,0.11859575621755701,-0.39394206275730204,0.37689059003116304,0.126756109706959,0.271929971447961,0.15309253096698,0.19827998584706802,0.12710693308369,0.143952998477467,0.0965545197155204,-0.0342114689333753,0.31389629230528204,0.35867320895040405,0.271411489431274,0.33461426878023204,0.31476506429161405,0.23148726414994203,-0.90476,-0.36,0.85714,0.45
"1",-0.006928201789922351,-0.46939447104291504,-0.47336574575268303,-0.21730853342455503,0.19580282811795602,0.22454312736012202,0.14989593693939202,0.0601305953113558,-0.009034943190321741,-0.33185466602366703,0.09252461277348689,-0.21864064250148202,0.255342942107056,0.273150934227268,0.208527513187269,0.073512589628744,-0.38201798430128103,-0.20710418247803603,0.15624856388281302,-0.14226274751224102,0.18274504323033902,0.17046830048855102,0.16181413917728,0.0620671568935891,-0.7028956354914391,0.10535287636057601,0.285078335391764,-0.0356641855925297,0.222578842677066,0.237439235421387,0.29523282834207504,0.093868767531998,0.047618999999999995,-0.68,-0.14286,-0.05
"1",0.535658407137484,-0.288950225602986,-0.31014882147967504,-0.19977951524081902,0.179806472791728,0.097490241360457,0.133594422068437,0.0489790699656424,0.536625396652967,0.004108403525165611,-0.0375935015277894,0.00198106559807321,0.180131065800423,0.11542395792889201,0.148982277264014,0.0649657740537711,-0.98756734242124,0.0140163030293968,-0.0202921972472902,-0.28136465899912705,0.33319987333956,0.39378244159172304,0.275542657648013,0.10392815260273701,-0.6344631457434871,-0.0767654405315208,-0.0121456750601411,-0.0468729673528362,0.27329053476631804,0.304219869944999,0.164923075811681,0.0922973945053757,-0.14286,0.04,0.0,0.1
"2",-0.261603536070084,0.281043108456895,-0.39081628748336705,-0.5117473517948511,0.18197526886257,0.173869096538668,0.142575436290507,0.0434048799581699,-0.29186680458957404,0.0553010310858909,-0.24126927480314303,-0.19927790387288,0.203026843731264,0.19269200319451302,0.16482467829678302,0.11045683043260801,0.336680667043575,0.0593796145366866,0.174686241713312,0.108412000652399,0.20828962404492202,0.20690349979589,0.17450034259274302,0.11973319163067801,-0.591311561699158,-0.327193480266989,0.22062624752672802,-0.26177033691148704,0.215719013237047,0.22352435953485403,0.22039145957212103,0.126329040529631,-0.38094999999999996,-0.04,0.14286,0.05
"2",0.6911809485797791,0.254065075993102,0.0011859842201499,-0.510968589705751,0.21277822170740301,0.17954397952334603,0.172484246533187,0.07328066278330479,0.42941285178867605,-0.057640362314393005,-0.0544967762862806,0.0833418160841748,0.132193607433253,0.146624106460505,0.135516239996113,0.0977074901031431,0.291877825718857,-0.106585850384611,-0.0025615737429730604,0.0444542555706419,0.206265682756051,0.27113041012364403,0.18487417326330902,0.134492078987543,0.00159455391762915,-0.11793639044911,-0.00299785780466617,0.198814798949519,0.231904798028453,0.29327048830226804,0.216361713075393,0.140286431410753,-0.47619,0.04,-0.047618999999999995,0.3
"2",-0.13023193254967402,-0.11448049920853401,-0.316429921996979,-0.675342660713184,0.284807183948165,0.243408385253356,0.158985619724827,0.0957198575963597,-0.075699597876452,-0.0713614959382308,0.00147265031929798,-0.338699295246908,0.16554917734156502,0.185900496282073,0.13215046281261,0.11174639086764401,-0.0910521980351098,-0.09764427338206219,-0.168503044355363,-0.0615452225090148,0.19359514197368902,0.25436853084666,0.150145947072217,0.156143110788105,-0.501527084489035,0.004015507081117251,-0.33578839251839904,-0.182025149268688,0.25198500139641,0.360337489655982,0.29920685648981704,0.21763920914463203,-0.71429,-0.08,0.0,0.55
"2",0.59044512648203,0.0517518749285035,-1.30150714923588E-5,-0.566092034705263,0.17150515139375502,0.16820791177652702,0.119611160588605,0.081184544659956,0.530312995237896,-0.15095519974541402,0.0755718996701083,0.04652927655351401,0.15403871834162602,0.15693460757351102,0.11238387331833201,0.130025295137902,0.0700941273628931,-0.22764121488457,0.21218219447937,-0.16013299568785502,0.227825306963249,0.23665819253472,0.132838119808863,0.156953882687339,-3.49888606871408E-5,0.22619909090102103,0.421149835159967,0.35563215606826704,0.32155476340798905,0.33638336587425305,0.26366374613917803,0.21445046286278,-0.33332999999999996,0.04,-0.14286,0.35000000000000003
"2",0.14925755913452102,0.12895007867969802,0.11595473002471,-0.6913013204183871,0.185873031987726,0.184899901800084,0.139118632942723,0.0822551598567588,0.18271218788201,-0.194392336036318,-0.10714190176804701,-0.23677136149694403,0.227534662496606,0.20271385943785,0.154623788536557,0.17686259421555903,0.16059509927972102,-0.19776918898981402,0.0588854208511315,0.006305307250360961,0.23027530025904802,0.206235268300539,0.15710140665204803,0.18520743061046602,0.25285199636043204,-0.190856117852676,0.10310388365973701,0.256943127127027,0.303363425217801,0.275437485435427,0.275072588768339,0.23914937946064102,-0.33332999999999996,-0.76,0.0,0.15
"2",0.060118179286072895,0.20280678314025302,0.198370715185333,-0.7837825735595481,0.11123828948289101,0.0995411088710795,0.0736299752701525,0.0490962297369912,0.192093493213033,-0.267477762798412,-0.0232638145667904,-0.177650632775245,0.35543577432925505,0.18454054973298,0.149434068809248,0.291471403352211,0.702138900521288,-0.289815364314764,-0.0469654270115923,0.45381500883184506,0.344622027218268,0.199951899149159,0.155340384222723,0.291856610233009,1.13429057120174,-0.0416313846274898,-0.077568336857016,1.12406454986711,0.42101873065650103,0.267417330772979,0.256560964470998,0.322101122171284,-0.71429,-0.16,-0.09523799999999999,0.35000000000000003
"2",0.12119873630082902,-0.23700699376383402,-0.00116859773866532,-0.7724173944766011,0.204583402628983,0.143211467289968,0.15954171764161,0.102328984634016,0.149642454086748,-0.113723262690505,-0.18514934334593902,-0.31258764136184203,0.252596383173746,0.16820352360187601,0.17211342838648203,0.21577073402135502,-0.5315806913629441,-0.20658587155739502,0.24235554367067103,-0.634109612729793,0.32120761326123903,0.305552889534005,0.23237539514490702,0.269727717156368,-0.0024163602760118403,-0.31007167246267303,0.22343004253270102,0.0809181983521068,0.32989133567566903,0.288240280136277,0.21422924202357602,0.293662116767168,-0.71429,-0.08,-0.33332999999999996,0.1
"2",-0.0362506155928437,0.0167334805509245,-0.163244268968916,-0.73882718031871,0.18231925825959902,0.147518859917419,0.15211623159755402,0.0729634274165717,-0.0518339360288793,-0.0154365059815563,-0.32248802765147805,-0.35179025241614503,0.260694187254744,0.17642121423339802,0.17305667632857102,0.19719706886799102,0.036593662376295896,-0.0236085762271891,-0.309018133971497,-0.09793104036779801,0.32260206342164804,0.269818421947228,0.22097553960615302,0.26082476595593,-0.31847879771952203,-0.44000476064709804,-0.275681075123813,-0.278079027158517,0.29676873104830404,0.23611965380813402,0.197136567850442,0.239615584670184,-0.66667,-0.44,0.14286,-0.25
"2",0.14793481723267402,0.0716888915400129,0.0453087821428506,-0.79533961385457,0.19919423184663,0.140270611509782,0.10065391874094301,0.08453889609270379,0.158305984274998,0.07263704072509,-0.0927867772985258,-0.24313929515737803,0.21315900830016501,0.145137731522894,0.10277482947096901,0.185764699477165,0.156634130668163,0.14830839853830202,0.0197491350408006,0.16752939192982402,0.306479355729232,0.296338401382688,0.149378358299937,0.27292175619437,0.192745302112853,-0.368859158142576,0.0384516478581731,0.265486370870021,0.42818564214326105,0.40856507985983104,0.29084028333973805,0.37991642277685606,-1.0,-0.64,-0.28570999999999996,0.35000000000000003
"2",0.162031845069775,-0.12207555671337701,0.0469457486854255,-0.7283850776774311,0.14367461113472102,0.121589302089583,0.11988581431068,0.0681463935519123,0.337294411322341,-1.0051762022339501E-4,-0.187010841791372,-0.0915639276951557,0.299080982283348,0.17940228717949502,0.16893094382301402,0.24389851985726602,-0.358887922501516,-1.41959205467279E-4,0.01115800048022,-0.267710163921829,0.35745839052609,0.253366584788622,0.206258687618627,0.285117904276857,0.14744208079713,-0.28215204276878403,0.0119201419609487,0.253574792652402,0.376524273549658,0.254874051311398,0.220347081132636,0.295638783613391,-1.0,-0.32,0.14286,0.15
"2",0.11710638349258601,0.157503898569598,0.14221703825537302,-0.851924379709712,0.118316117165044,0.0818606558880931,0.10039819224038901,0.0638216883335131,0.36404011303146805,-0.26422376200228,-0.0418992489579884,-0.0987386435369929,0.36780072427847804,0.145476411545913,0.184695560954061,0.338779969031815,0.9144807317003011,-0.49349919844371704,-0.14483638361072101,0.637882880157018,0.47528977488091,0.271710961748236,0.250815534059636,0.44350375301500605,0.587719320559226,-0.0557000910190439,-0.10308910261032801,0.7726900211233431,0.414900760504809,0.24553088209933702,0.17852108484310603,0.35500154379095505,-1.0,-0.2,-0.047618999999999995,0.35000000000000003
"2",-0.063939488152431,0.031815151727131,-0.229180327919023,-0.5503335717604351,0.18288652142460302,0.18954509052430701,0.10548379424519401,0.0375486497779413,-0.0864125595176434,0.131234407754572,-0.183975264578549,-0.10344986847080201,0.24716638925701803,0.218710334897422,0.12932782988068,0.141507284957152,0.0402004049063407,0.12269770249283302,-0.0147613002134206,0.0507894710289377,0.23950190313215503,0.204483382540483,0.13063769141644901,0.138055412527284,-0.7708362335690121,-0.45786400912839803,-0.0392927991685869,-0.40849094312076906,0.354789311093332,0.321861522073051,0.347741763832392,0.20847276917381302,-0.28570999999999996,0.04,0.14286,-0.3
"2",0.213627561703389,8.21872899985254E-4,0.11776491802616999,-0.76970945593168,0.144220647112169,0.0923394699436696,0.0943635900595493,0.068792651147068,0.37768301097717605,0.0926190895250676,-0.22677212426050802,-0.07846728767750401,0.254975003281781,0.12137333115783201,0.12110503435792101,0.22364592767551403,0.00385556936743973,0.245761699679533,0.34588137263488,-6.774370912399911E-4,0.43318283365588306,0.322060131600001,0.19897179349631103,0.36520306553652,0.49798943873468504,-0.5424050201635421,0.31177946785945904,0.42838695185214,0.39903285323310306,0.28966513771046604,0.179354324353304,0.33598042464099104,-0.71429,-0.56,-0.85714,0.35000000000000003
"2",0.286832381612565,0.0383178190184501,0.0832721659956048,-0.6955302971831531,0.13928590044140102,0.12647572389789702,0.0984144073887224,0.0703627039128185,0.5427438405847931,-0.13249629626877701,-0.188564715170723,0.0228274105650418,0.263556590507231,0.17212011847326603,0.13172406204914,0.22168523253448202,0.10373584939123101,-0.189568031053705,0.0235245728863426,0.0790149313338478,0.342401185192759,0.246259502209167,0.16435606381925,0.26471464804933303,0.36252835628821906,-0.433846227658345,0.0378299513089228,0.368660506942581,0.42845064637318503,0.30306829864809,0.264301584630177,0.327434528265025,-0.95238,-0.48,-0.047618999999999995,-0.4
"2",0.425908195389931,0.201686216216818,-0.0357271257359584,-0.666641136309093,0.209055407330155,0.147164150161848,0.11436911206050401,0.09135233896520349,0.35893351709008503,-0.08054697395494059,0.0321271244987872,-0.0857472534733222,0.17618114286581102,0.139499234415978,0.10500139251151201,0.15164767843649202,0.37432834624750805,-0.17738941799117303,0.41032240795850505,0.19330469868642502,0.27313573525413404,0.307220579349234,0.13061297765475802,0.22299317780645603,-0.11825350564824,0.126179785448744,0.7317532894920721,0.187536339980199,0.37855125931439804,0.412394616250888,0.23293018903049803,0.30007926484054404,-1.0,-0.28,-0.42857,-0.25
"2",-0.0068355461815167605,0.11198162636859901,0.0768660856061288,-0.9123261097673281,0.144520252031991,0.12053077578365201,0.0962555391618274,0.0732114141586015,-0.0148747255174599,0.00849431117788618,-0.024798159442082003,-0.43436078292471403,0.314488268180087,0.18124709306866,0.143938066120111,0.292261566132465,0.3371431749354,0.0117522231634944,0.0572924519480768,0.33440371940413205,0.362882106135604,0.25076268585766603,0.16897897484103702,0.35349640700703705,0.36648057189641503,-0.0543325265086843,0.0907289738020383,0.5728883828401561,0.45892521730561103,0.31536690500539405,0.26759701252343404,0.437057045203585,-0.90476,-0.16,0.047618999999999995,0.05
"2",0.0578433982818447,0.140574736585309,-0.0740060928690069,-0.770054555407043,0.172130354491451,0.10096623757398301,0.10818992575554401,0.09928409357359219,0.084466393396552,0.0146278238016113,-0.004464246499731411,-0.40462771028509503,0.251355049492764,0.127009778876875,0.132057900393058,0.21195316175019702,0.552948754205637,0.0394028082211556,0.186590110159213,0.532492184572377,0.39714927902059,0.34212484557994205,0.213224346447658,0.357572789502871,-0.26941355162444,-0.0111293545104674,0.17268832471221,0.166959351468626,0.393857194966073,0.32921999030985605,0.19733819302900502,0.35851078882761706,-1.0,-0.2,-0.52381,0.35000000000000003
"2",-0.22913476300791902,0.0979243401853984,-0.029608445043925003,-0.9042828022129871,0.19813624414836803,0.11633778366687901,0.11915766476024901,0.11198469348053101,-0.23035702598419402,0.17096074643741302,-0.0593674180835855,-0.6730912997881591,0.19919315315816302,0.113095273423711,0.11901326110633101,0.16728426927168,0.292821327051614,0.50850821782145,0.183741749349302,0.5568676676259691,0.347882703473746,0.33639228379115105,0.20287970382521703,0.355617387790635,-0.0866651615068999,-0.172848904851473,0.179855924011272,0.195856720621764,0.34877948659282,0.346508447041923,0.19858914331576302,0.36720369212048903,-1.0,-0.52,-0.42857,0.35000000000000003
"2",0.0736413569844375,0.129492745181018,0.15679683467375202,-0.8733964705789181,0.165859725699496,0.0997914845045262,0.18915372667878702,0.14877482770278702,0.09493687405381279,-0.0247131625315816,0.254269228992595,-0.5155190799555011,0.21382283724973603,0.116568948904332,0.21201090578403603,0.23273394676967202,0.43806465534696204,-0.064849697796815,-0.533139583939027,0.8351905083965651,0.337587423951261,0.305888050518742,0.337427393139817,0.376999360587897,0.152763726820265,0.19216027638796102,-0.15354338334708,0.7705022415967621,0.18428833904406802,0.160224162452268,0.09717857224909769,0.164026994228047,-1.0,-0.2,-0.42857,0.5
"2",0.10227532892579701,-0.176252132974019,-0.204226164237712,-0.627331827402514,0.198595551906755,0.15213990376967,0.140959644887504,0.0513763556586902,0.12194444313404901,-0.0424743132614523,0.21694925871773202,-0.0257552985219691,0.23678852212481,0.17110185110033302,0.154329646982269,0.159561431628396,-0.340819362000208,-0.0688850715043047,0.0351970214329609,-0.36438247408331104,0.29419346059883,0.277493909672274,0.20543493736902102,0.18713511887727202,-0.44496589388296803,0.396444488201148,0.039658052056718296,-0.21686419252455902,0.30712144363534,0.282015888294661,0.231472695948635,0.21057662984801,-0.38094999999999996,0.04,-0.23809999999999998,-0.25
"2",0.47034756844143805,-0.06381748453524849,0.08040627461781649,-0.49863175321907505,0.13580822792958,0.134244031999864,0.12659842759981302,0.040187776507595696,0.7501650871358431,0.127360260182349,-0.13530058046731802,0.33183669898328505,0.21660278052706103,0.16822804548654102,0.158740614291319,0.12488242961083801,-0.159326710692621,0.19936315645337802,0.172741130957576,-0.22122050767744603,0.335153605699386,0.263335471395554,0.198471018551812,0.17327165366513,0.22393378054932503,-0.23626064547732703,0.192697695773203,0.16252598418194603,0.352580251215175,0.27719141977364603,0.221400124803441,0.18647357422214603,-0.23809999999999998,0.16,0.14286,0.3
"2",0.248575903412934,0.205700728166124,-0.107816296948018,-0.545734175030687,0.17157209897382603,0.12647253241689302,0.0933698491375258,0.0349592912548864,0.29019287624414203,0.158672034644876,-0.0353899576494595,0.11935811382278401,0.200296972477455,0.139893885204451,0.10311994531804601,0.11737319366897801,0.43379762164732505,0.28663156023734204,0.0740583572588222,0.14409021446631,0.266715068319324,0.25270995404804,0.138166011286623,0.15833684832052702,-0.43648833016613303,-0.12272712141683902,0.142170981747534,-0.18024072703195101,0.378002683189464,0.357604667824149,0.265239443539238,0.220002993946658,-0.42857,0.08,0.28570999999999996,-0.4
"2",-0.0035394348196387303,0.0353363471046504,-0.00886126524387891,-0.652090082117879,0.13552671384782,0.15258765553928402,0.15535028264060502,0.0478956948251191,-0.00875886753269451,-0.135019685996347,-0.23727626416643102,-0.143279302515015,0.335381379859822,0.238598187507942,0.23910721822335,0.229291057853504,0.0688181154850854,-0.10625862159749401,0.0938050140789735,-0.11607453485423301,0.297166961525542,0.187773466759064,0.21588834108403102,0.203708755202044,-0.0166872486115919,-0.180563205668538,0.0907055642561309,0.128257722649143,0.292550636614304,0.18195653059764702,0.20875508613922203,0.19992645442866303,-0.47619,0.24,0.14286,0.4
"2",0.14891996240438102,-0.167595045740794,-0.0974721371576102,-0.6906389540722071,0.146810012545896,0.17959715504016302,0.12685170836756202,0.0539687809506728,0.26545133192025,0.22913350875567,0.143701413478062,-0.01874562557489,0.261690325060078,0.239578201262,0.1689213194075,0.197956448573429,-0.200840938891188,0.154045026517367,-0.0496333538553313,-0.19467775262784,0.215223911190309,0.161066928040373,0.14014380281240202,0.157602295560498,-0.236706544727063,0.195775718544409,-0.10058016263435701,-0.0366461899353125,0.308053464877441,0.23013477657630402,0.283996252200768,0.23098187300394102,-0.7618999999999999,0.04,0.14286,0.35000000000000003
"2",0.0335970678747929,0.446729046229114,0.0585193684613204,-0.605076857313775,0.20157631828414,0.22932304583857802,0.150425497866325,0.0584918401229515,0.0359062704648774,0.597150318775305,-0.18980755229541202,-0.0332892887060251,0.21543111531630502,0.223546355773338,0.150916635618413,0.14359851449483102,0.31702805020657604,0.396522874566945,0.0738129039017556,0.09565353593376989,0.162742581220812,0.14844041910921701,0.126202069429443,0.11544149793986601,0.11170704546132101,-0.33902014263297,0.19854535336828102,0.153808559604228,0.287145749698273,0.269556077797222,0.33946414713648704,0.18944221834321,-1.0,0.24,0.14286,0.35000000000000003
"2",0.5185208208528,-0.20153465236793902,0.22689713439632603,-0.6191536189869791,0.150183135850188,0.17023054382444802,0.16908725475143202,0.0483544056175202,0.677740076717225,0.158570723787434,-0.19717925089804303,0.30403410201159503,0.196299021985917,0.197855590391975,0.196624091649364,0.147071780218088,-0.297186571526916,0.17889800278303303,-0.329797882226867,-0.168312022873255,0.251024978056817,0.22321882069499,0.20166030784034703,0.16689964342131902,0.333440170620631,-0.22169359871835,-0.32866792263090705,0.308129903971606,0.24848477361380203,0.22106941919063,0.20096937556864702,0.157250376741381,-0.47619,0.04,-0.14286,0.35000000000000003
"4",-0.6865145185355971,-0.00759506423734471,-0.25382157719431303,0.192756119134205,0.40038834280162605,0.234436374136675,0.302167113742388,0.10924160593386,-0.147975371832339,-0.277257338558177,-0.0842673432565207,0.042737134595888196,0.0863020552424522,0.0942887446098124,0.141214002991386,0.0530098109757457,-0.0053148447179004995,-0.9001242567983451,0.0994444388824029,-0.2216803893729,0.16405298043927402,0.306111234449968,0.25543425161771904,0.0863762634795912,-0.10409543811911401,-0.16033293665137802,0.0582806694289228,-0.15799854408566802,0.12392255393686301,0.26868363141558305,0.149700469394381,0.0672317059556824,0.42857,0.16,-0.14286,-0.4
"4",0.135615267868326,0.11603174320362,0.0842813996926858,0.36512053934265,0.287377342550906,0.38989259412646105,0.23294995508860203,0.228963878256484,0.0953459840029751,0.5044705898264941,-0.10960449058920702,0.298263407623708,0.202044179363935,0.30407836341377,0.19426597933011402,0.19271229986163702,0.0446664299757938,0.276214490677673,0.0190696243725368,-0.547817717526745,0.150089189154633,0.16649305622617602,0.145013920086524,0.0744739183840436,0.0906622114742104,-0.167698469003754,0.053288351093953495,-0.30339101872998203,0.250586228612236,0.297233326281095,0.40522836402640505,0.243751094609364,0.38094999999999996,0.08,-0.33332999999999996,0.05
"4",-0.0659159350043668,-0.8094608050736931,0.366878312153038,-0.0388749609808017,0.18109492246868902,0.25689546918767703,0.23233821770562102,0.13823374911306402,-0.124588106779524,-0.543020498399518,-0.626041391971886,-0.180071525144122,0.34228860648435705,0.428615952727721,0.305671221677836,0.185119260669025,-0.47305039660193904,-0.167896499190197,0.267740035328195,-0.25105081279471403,0.150130188914346,0.132523759548962,0.17883679256397503,0.0853412300249386,0.367504372597369,-0.33178546027487904,0.45892551227820905,-0.18682915278269202,0.23273469185793103,0.16199770219302,0.30653901476112905,0.13059181285204202,-0.33332999999999996,0.4,-0.28570999999999996,-0.35000000000000003
"4",0.537586564854154,0.22266000758335103,0.432167448554629,0.5217329425564531,0.14180550833531802,0.21713763269934802,0.17369914464291702,0.126661911656129,0.801092767513728,-0.6571629329153861,-0.772080033318422,-0.668269679014427,0.21131362751197103,0.22675567871127103,0.168031238499652,0.14748432543891601,0.235518428680856,-0.46646743531017604,-0.18649508968504402,-0.5499960998283371,0.229677141467302,0.16095573044757303,0.201198453919811,0.127290365577645,0.568622549491405,-0.6817104369984841,-0.23198331600827202,-0.6048608279101081,0.228543937776116,0.14836369817085,0.25027299429105704,0.143886661123957,0.47619,0.16,-0.33332999999999996,-0.7000000000000001
"4",0.0190287322130116,-0.228636159359091,0.20939480905318,0.28327586200215205,0.20955756871046202,0.37430442807581304,0.31140263629367104,0.193320189299094,0.0270682025922425,-0.6202261583672021,-0.9714555505910971,-0.313122760894185,0.29809378055748403,0.42414783739509404,0.28784813751939203,0.232741740249185,-0.09966983473446679,-0.19007252187273302,0.0896798106361746,-0.38411061647667405,0.16317130497325202,0.129982987677894,0.20728000266171,0.0962132406642636,0.13124977006441702,-0.42806134348148805,0.12894618589359302,-0.22572926601676402,0.19518881387655201,0.126837157284471,0.298037714014305,0.15291968134175302,0.23809999999999998,0.32,-0.42857,-0.3
"4",0.139584642293647,-0.17314303696430403,0.254077039509017,0.286592302786265,0.30815425495276505,0.27590982149506804,0.26761839265034104,0.173952408403582,0.0907083759754098,-0.52471209818078,-0.6445426985530891,-0.11111635435571801,0.20025248879367502,0.18297584227763303,0.15231171998835202,0.149091285747967,-0.13873660961366302,-0.646989705571514,-0.32417078077079,-0.375262984901963,0.22108190929577,0.22561607924107502,0.23249215640157703,0.139851107315962,0.209899699987138,-0.8193856181238721,-0.33422137233887,-0.342507514867026,0.221086566644896,0.19362880552418,0.23970034370710402,0.148010233150407,0.57143,0.52,-1.0,-0.1
"4",0.11053434602172801,-0.15731368642760402,0.207694677497851,0.33412702548975404,0.20018837621176702,0.200240533515045,0.201457637938098,0.0905397232831768,0.14287380728558602,-0.37090618332991704,-0.6529978130661871,-0.0360473398322659,0.258758263952379,0.215105501167274,0.18152558671042401,0.13461931395506602,-0.199997885067202,-0.36481072406717,0.29109942535230804,-0.149886403734123,0.254572148915774,0.21157046487376502,0.22365975033384,0.129264790260635,0.255073104574069,-0.6204340951511941,0.281204168450835,-0.11967331044429601,0.24741329805893103,0.172473262366127,0.216056950412835,0.12856842159178902,0.42857,0.56,-0.14286,-0.25
"4",-0.150333107040226,0.025430716790830598,-0.042134669895856,0.474160756973979,0.166536328254585,0.16263393488410302,0.175524155655572,0.107509826311937,-0.260413109885811,-0.160189236957925,-0.6916367017126721,0.22914430741478603,0.288480987345896,0.211164381024246,0.172057635284629,0.19201394599514401,0.0480148576795422,-0.174599166704748,0.264345579659843,-0.41643519546995206,0.30706351305598,0.23015981388463203,0.23418489457412503,0.18540919783525803,-0.0681846034575579,-0.646124997983574,0.226569648761922,-0.0275894425376626,0.28404268931450605,0.160735743166972,0.20071903368796,0.191983815909779,0.28570999999999996,0.16,-0.42857,-0.05
"4",0.5817744750825581,-0.403475641592804,-0.0787117011451649,-0.35476141106366105,0.41962985047093204,0.237297001802378,0.22498839192394102,0.506693716911862,0.18434567546437203,0.255065883461954,0.0879456272953039,1.01154507197601,0.132967243396335,0.13038639852841802,0.12521613197441,0.141043315773336,-0.379295383965756,0.7567184424570921,-0.0549438910843545,-1.23238827816305,0.22307581458261103,0.386824733566268,0.218543990311576,0.392202720595549,-0.0964471854328256,0.34008401536416805,-0.0716158969897281,-1.09939628007245,0.27568324455473603,0.48420832575607503,0.284858308885491,0.49868198985058204,0.71429,1.0,-0.80952,-0.8
"4",-0.42494262030210606,-0.0316487222680001,0.13213303744944901,0.317908570325451,0.31546667947018,0.363910589611443,0.300329845827328,0.144212147996025,-0.17207509608336602,-0.141399824574092,0.0809776776650911,0.204772071690408,0.12774420965903502,0.22972711172147903,0.19117222092638603,0.0915302532902334,-0.010387144296549699,-0.11460435599697301,0.398826791320923,-0.25270752742080904,0.119435842411824,0.18619349616017,0.15144783147127802,0.07410294101553949,0.0631606997480063,0.0955901411027213,0.5808712144378191,-0.0829482183446489,0.14356018437040702,0.225669346172812,0.220576169166899,0.108362862374085,0.28570999999999996,0.4,0.0,-0.1
"4",0.0251373838477409,-0.300430241209217,-0.0352852891922939,0.11275081954969401,0.165492055651335,0.183623317642531,0.166946493138237,0.0994022812943566,0.048248645231446896,-0.16768344042282401,-0.0282121515003592,0.007029085022695,0.31764512687989904,0.268989680806318,0.231472850956831,0.142291487704888,-0.41104642584273104,-0.119528744904626,0.0658740358529322,-0.316535034207138,0.251232060110037,0.191742242752188,0.194921375902111,0.0957126503425141,-0.0664761085835142,-0.0276912823733123,0.0907066127472683,-0.263841221338163,0.31452068155128,0.22719926473950802,0.268401010067012,0.12732561007505,0.42857,0.04,-0.38094999999999996,-0.4
"4",-0.8095169593418161,-0.46372725045220303,-0.013074215293019002,0.0129797000286589,0.42350234347463506,0.37301403971705904,0.33254615283577504,0.20992684605011,-0.21853205284315103,-0.11176617661522101,-0.16945699227497202,0.0728378751756082,0.11432600075314701,0.20060210664556602,0.167829990213645,0.10764412856159801,-0.17971040586647702,-0.160447076487564,0.0036603704447918804,-0.44938274763233704,0.14455588798389202,0.287976403266751,0.207025089764302,0.07213256839404229,-0.00695381878679697,-0.33387049170435,0.0050236823311083905,-0.18586531310221502,0.176872235406828,0.33066491151006705,0.284131975501177,0.14632979068766802,0.0,0.04,-0.28570999999999996,-0.1
"4",0.239698848484092,-0.8647480373388391,-0.0612653992511107,-0.176981284846905,0.263778687914683,0.48938956943898404,0.20610746936554203,0.191044156913124,0.182992833517614,-0.5644305804442731,0.44123651576093104,0.0381953751363454,0.201376059285781,0.44368841759745,0.14755930050778202,0.170619211595609,-0.170938418505201,-0.146147872568322,0.104512329488504,-0.31923117232172105,0.0967397154092199,0.11488413378317201,0.0884966410901967,0.0435555122832018,-0.0797312687401712,0.75217123206761,0.688067172353763,-0.113309773879153,0.268229869228226,0.25154278238863903,0.582626316873316,0.22147223399916302,-0.14286,0.12,-0.28570999999999996,-0.1
"5",0.22274103915795201,-0.254800333513434,0.08154058995770119,0.0616842986953961,0.28072479703083103,0.36612081573965904,0.35162520656759205,0.15208585040904402,0.13067453130720802,-0.34316225146557805,-0.160293159279903,-0.0918909700382723,0.16469161415872602,0.273578826531234,0.267390620339425,0.11521217031707501,-0.08847674047960209,-0.203113093851662,0.6467979877936181,-0.0594971211238393,0.127131609098424,0.161927606057334,0.15205727701639601,0.0890282825875859,0.0313244787379794,-0.10496252810419901,0.715565743095358,-0.219862590393565,0.135079673970693,0.17509166098078802,0.16822405213791802,0.0815680016364715,0.0,0.04,-0.42857,-0.35000000000000003
"5",0.0732553923396487,-0.324212856422166,-0.457086037240005,-0.06355858614773009,0.153110759794882,0.23412242634267103,0.24418359727906502,0.185850970434735,0.162507523811718,-0.50700493892693,-0.258067106272839,-0.24856903291457802,0.33965623073634105,0.346900176204534,0.391356740847329,0.271741622731808,-0.282768378526131,-0.199332872304392,0.079891546653822,-0.34084840588501203,0.204194304951673,0.136386459414186,0.247503996583488,0.15555078761923302,-0.34064768507276405,-0.0866974382196795,0.0682665109485403,-0.47410980503998,0.18198013146084702,0.131475984489068,0.21148963814391103,0.11861541845878701,0.047618999999999995,0.04,-0.19047999999999998,-0.25
"5",-0.0713782795155717,-0.38012629589094304,0.122193932651265,0.31354141371576505,0.16128160810859402,0.21080487969890402,0.21063344033880402,0.18909521667936,-0.118300278089215,-0.856794424349789,-0.461021479434546,-0.504866842560526,0.26730343207223,0.22835603221810302,0.25566911560106,0.235083951652815,-0.32584505834563404,-0.44313919765573806,-0.0690273996389263,-0.39708732470039704,0.18070238514817302,0.11810710483296201,0.19590899130958603,0.165708507974826,0.11802076336295401,-0.268664476845667,-0.0777762616947457,-0.7260427853274041,0.20343988346374903,0.148993511696683,0.22073943182202102,0.125479375578147,0.14286,-0.12,-0.28570999999999996,-0.25
"5",-0.0810664809744762,-0.166327652566715,0.37429600910731503,0.651711988567868,0.166954542980143,0.34320873853981704,0.275252819499947,0.365437712764971,-0.15948533821677902,0.244362529126006,-0.267027748434833,0.561306375155825,0.328456366107704,0.481085939965373,0.40050549040703404,0.540042309689979,-0.0774364276937806,0.057827713452595596,-0.06694979221605901,-0.79952552966437,0.159786170583704,0.11384765079119301,0.196590271983402,0.194025589935853,0.24889159114449502,-0.0902551471843012,-0.0956232300220391,-0.9056141042631831,0.183031906687279,0.135370508108933,0.280786484553937,0.24275302928720702,0.57143,0.16,-0.80952,-0.6
"5",0.128471388122592,-0.18150590546507,-0.0436227858093863,0.20360106702921,0.28845679663427803,0.27950156447158403,0.245602283283952,0.36677995765995103,0.0764414265590189,0.16466633504750702,0.179343909199133,0.9025791080727261,0.171633928438043,0.214725417610234,0.18530929380163302,0.20135958299293502,-0.113770636222737,0.173469001988687,0.0826545885437222,-0.7100216994064911,0.175195791749607,0.22620412292351702,0.19372102988297601,0.24579773637767802,-0.0361022359483708,0.24945083888424502,0.10913102765202401,-0.8280895130815331,0.20326055331083,0.257748138747987,0.255774971981799,0.28064884988322103,0.28570999999999996,0.64,-0.61905,-0.5
"5",-0.0673877379090092,0.284521442548466,-0.275443631587505,0.15384329354911402,0.17261168748678302,0.213548057247777,0.17499310639096302,0.0578516070301949,-0.112231154756407,0.0556046454967949,0.009993177671053061,0.0380044880699338,0.28747676672648403,0.287290512869374,0.23940204313359903,0.086444288964045,0.286524851139005,0.0336221759510122,0.645365186499216,-0.18784291570008801,0.21505171900539702,0.173714481702925,0.117616199760967,0.0528946777176561,-0.40016744462228904,0.008717261494359061,0.9310376825122281,0.0824903226854248,0.254231850659946,0.20883549567266602,0.16967930149030402,0.0790018033932163,0.14286,0.16,0.09523799999999999,-0.1
"5",0.007796235955623141,0.17581441145166302,0.24343970128838802,0.833023098539672,0.17708488169969702,0.17231639750792502,0.185536494831974,0.224599480864714,0.0124293930410689,-0.0652993934968009,-0.10119331458593801,0.463941354748487,0.282323111922875,0.22268748800526303,0.24309110795742,0.35352100819989,0.28140683023123103,-0.0655577989312718,-0.235752005420229,-1.03891573091508,0.27580794326921304,0.223568716053609,0.23887698342479602,0.286895521271239,0.32556787442878604,-0.0848861843428613,-0.19698146826189503,-1.02922212428892,0.24813011982731703,0.203917390062956,0.199592528789371,0.24677952761471803,0.57143,0.36,-0.57143,-0.7000000000000001
"5",0.286161900323244,0.10890828284768,0.22914026569365903,0.5495770884213991,0.170586518169103,0.19303820039041303,0.179455321045005,0.21579757723136603,0.38094825843343205,-0.307318593500993,-0.154351975455669,0.11152507438372701,0.22709045800764102,0.214911520367868,0.21183592862876802,0.280952995667535,0.125336488503345,-0.265675354113982,-0.185790158181343,-0.7869786319888921,0.22215693380987703,0.18578991146112703,0.195418644192341,0.204397699027518,0.288880038555544,-0.14617534646854802,-0.20352708525069502,-0.90684931677769,0.226241598810862,0.200614149384117,0.21407477901649102,0.19877066105482502,0.14286,0.44,-0.85714,-0.45
"5",0.412406222340222,0.13714224738574302,0.28765387574760504,0.614606103447643,0.09518771475277679,0.17329817768288,0.177198339156859,0.156453887783838,1.14444869219314,-0.300277556498512,-0.5046987972119771,-0.680252029119177,0.264150853601328,0.285539520861446,0.29315409093947803,0.309529500603065,0.21115523567482103,-0.16660281972816202,0.18106110026579902,-0.667015597009173,0.266823814310991,0.158425724100299,0.229892151864437,0.21023099581280202,0.38760628339145303,-0.24506524854336603,0.158458354453845,-0.6628581056497921,0.23877025638963803,0.142346049870639,0.201193586213799,0.190520975274473,0.42857,0.2,-0.71429,-0.65
"5",0.256143732471715,-0.37163723224676604,-0.32088246723692204,-0.13499789861991301,0.188344913309717,0.25339215330931303,0.22845489916708,0.183271792997891,0.279333751050913,-0.298983884045658,-0.14028329142822102,-0.0036057683691928,0.20539675368387803,0.26939145522103103,0.24652686237019,0.19353824720732102,-0.221331705081862,-0.1632798198164,0.15653677741862201,-0.37786852694029305,0.15090984562352802,0.147118927192245,0.180602513903164,0.12044428033197901,-0.23671493530960402,-0.09489557012448349,0.193897249335268,-0.43119812142254105,0.16853113584909202,0.16676474380834902,0.22370673043312703,0.13263212749880202,0.28570999999999996,0.68,-0.61905,-0.85
"5",-0.19498245564055,-0.372806411066305,0.179863753408321,-0.054256035675985005,0.34681722699640605,0.223681891392181,0.240491179984258,0.0993441641639735,-0.08392190549872369,0.10220038978456801,0.20375977152513502,0.12879645142277701,0.14927272535216202,0.15534966914001602,0.153103680008487,0.0586635175814286,-0.342142629787816,0.21791973822916802,0.435617495618819,-0.24214495530053,0.20528378344658302,0.331248826979445,0.21131506122670402,0.0781900487624804,0.158997675196261,0.41849065703459304,0.41959337185183,-0.11456502957893401,0.21259168564050102,0.31445097902096,0.20354186862314402,0.0903907444656934,0.19047999999999998,-0.48,-0.28570999999999996,-0.45
"5",-0.0170207393245509,-0.16412907047708503,-0.40818512709042404,-0.0608846593010488,0.197571183474357,0.22730915120376202,0.15983568987902702,0.11531383402245801,-0.0217941577241028,0.364972171673249,0.00308369510074843,0.135101700690476,0.252979465361233,0.247435697749347,0.20827571559482402,0.127871688832777,-0.154790942172839,0.268817858105039,-0.0554699073675813,-0.40014219577901505,0.214376390343666,0.18224713950863902,0.17831672884976302,0.0686283037677559,-0.602430316642086,0.00355434356297518,-0.0868054613481338,-0.29071270079536904,0.23589753490258303,0.240063762746476,0.279049788407259,0.125191781059476,0.047618999999999995,0.12,-0.57143,0.1
"5",0.331371276280482,-0.46941094567088504,-0.0772537301913505,-0.0950904899002021,0.30549058226247905,0.35608509245442505,0.24305787880137103,0.250963975233148,0.17598308193506101,0.360472994797705,0.0677308786366052,0.174219025010338,0.16223848600318203,0.25818312229268203,0.176917421819993,0.179175672895306,-0.17851841646782401,0.258134759872072,-0.142301362250628,-0.5333718270999971,0.13542024833253802,0.18488496846607,0.146700031976526,0.0957113501733148,-0.0684610298766678,0.11301982238777401,-0.33159136579776305,-0.711487326756842,0.21539403548753602,0.29521506281763,0.341841168603832,0.172027171746709,-0.42857,0.16,-0.61905,0.05
"5",-0.0517189452659082,0.06672802561982209,-0.32886639803425305,0.19866762526508303,0.279704315064411,0.20563255729145302,0.185084347827863,0.139501811499812,-0.034730970824240696,-0.040725345327627796,-0.176484738911618,-0.0934507363975,0.18783063645189602,0.168717748132585,0.158705422864539,0.11833800116030901,0.0825982100299472,-0.0750688690138696,0.29273269016817405,-0.46871711178270004,0.254538943695481,0.310996762163434,0.211989290915354,0.12287232964224801,-0.43327695523872706,-0.34624697048987,0.31156951050401704,-0.19256324288311302,0.24384608208239403,0.31136557305773305,0.22563041922186802,0.162556112591402,0.52381,0.04,-0.42857,-0.55
"5",0.4510808446589,0.027681808004416598,-0.24430698246319602,0.21324687078005902,0.151645276455444,0.16836957192739202,0.14794581288601302,0.11712515732534601,0.679953317866691,-0.30904255529354,0.15626916853160303,-0.28224426753818305,0.22858809032926702,0.19497246480924402,0.190449762615668,0.141855770184578,0.0487585371196055,-0.361118542462095,0.27595548901121403,-0.421107351603958,0.296564950574186,0.22782678665493103,0.20000561370063802,0.13893037070894,-0.49112343606011805,0.208402713008409,0.314947090892695,-0.25961484173139104,0.297411294768178,0.25398642351441103,0.228265748302127,0.16964168451618503,0.0,-0.44,-0.85714,-0.45
"5",-0.0779232825748362,-0.7326259788649061,0.21771886011538402,0.0891438875134926,0.11408444825800701,0.171538508729805,0.129252389838197,0.111137456522004,-0.27890253076459703,-0.8590351389210671,0.12464693993673501,-0.14677802272270402,0.40833035119488303,0.40206999972616,0.25910193816611204,0.211038022293899,-0.634486475848768,-0.207857532797901,0.29927791701871603,-0.16051297373171602,0.148559929645078,0.0972873801880778,0.11026345580473101,0.0989839297683273,0.546714602109524,0.0874502442756419,0.867759225121128,-0.340634017973233,0.32456613471449103,0.18178166103732,0.319709960298565,0.16260657954864902,0.28570999999999996,0.04,-0.42857,-0.05
"5",0.20872701913886,-0.235414793929269,-0.22526100933968402,-0.061110347966111006,0.22550922136087903,0.22833743683457502,0.153936608736423,0.10567380135896,0.179571137330458,0.467775456601472,0.169283966889843,0.18453104576339402,0.194009129845039,0.192551971218053,0.14514875078181202,0.0905833176297822,-0.19577833514515602,0.452179062141831,0.0544664335148424,-0.34639195532981,0.189892582741494,0.186131975353121,0.14659478552341,0.0630395474350629,-0.393768157765971,0.34396363754991205,0.11448606453193201,-0.268481889196069,0.26908933335851803,0.29492392706762105,0.308135836926137,0.128610554619074,-0.047618999999999995,0.04,-0.23809999999999998,0.1
"5",0.0492771656420469,-0.302087496775278,0.16758536360981202,0.24188145407357603,0.19850581586329,0.24610679827813303,0.29290783370692103,0.268192053547031,0.0623351742407175,-0.5664319625537161,-0.0419945466327529,-0.12435668798851901,0.25110808339746404,0.257581791473161,0.331991091122154,0.306454357748537,-0.23190619399599902,-0.34374777177764104,0.0566231306864377,-0.49871562096777305,0.18893099355144702,0.15631739153666702,0.258419635688438,0.212194896901462,0.0960933605862217,-0.019035431893198,0.0422933002640628,-0.7175937121956321,0.167953199949261,0.15048605857017402,0.193020398445021,0.131046704069673,-0.09523799999999999,0.0,-0.19047999999999998,-0.35000000000000003
"5",0.11733899772525301,-0.34739223653211604,0.460344000414998,0.59654920035292,0.16274999391347802,0.329132598263404,0.377117492181044,0.332577483268712,0.196714209867852,-0.037786139287679196,-0.8277101384171871,-0.40492338851700904,0.27284395707598,0.43673725280984804,0.47268355856860306,0.45287424077789906,-0.13874027967644,-0.009001639569821581,0.272258241872876,-0.42540114781363203,0.13144781008793902,0.10404215436188301,0.239324229795522,0.20593373909759502,0.13779850574392802,-0.147790642458164,0.20406127672277902,-0.657385841573022,0.11288563957735501,0.0843993610297601,0.17937678414001101,0.13530610892070302,0.47619,0.04,-0.42857,-0.6
"5",-6.36313814568728E-4,0.14068532190284502,0.460966813980267,0.996859343977273,0.18468460217305802,0.275687882765327,0.287751473002104,0.331268311051617,-8.883629452874761E-4,0.46634677246078304,-0.0607969655812326,0.8470327051463411,0.25783969069844104,0.31155931510144,0.359930084590012,0.43024008423885,0.0870646264535004,0.20672016574405203,0.0013105783892074,-0.8602867085349051,0.17061241504138902,0.13810665594836802,0.23980023339603201,0.24890797842598603,0.236234595128845,-0.0223170433806446,0.0010852852160303501,-0.9045234324666551,0.147465827605739,0.132121319460621,0.198577704507016,0.20378653247431502,0.7618999999999999,0.04,-0.52381,-0.4
"5",-0.625417792352132,0.0263902799719712,0.491175495796471,1.25192752515075,0.39182278883353105,0.419501371345367,0.33914733015213205,0.515412762110904,-0.18067046229903402,0.008691111070462111,-0.0826019236304159,0.665030354123426,0.11318962342215201,0.22548553190044301,0.1907110485431,0.277967758617431,0.00749654762967395,0.00854625178361113,-0.30549360999297104,-0.9985983042032741,0.119165541795824,0.22172724678805802,0.17729536071448,0.21877615810184903,0.193249000404278,-0.11250033136079501,-0.423121786314384,-1.09171953094815,0.133434756217638,0.25974039359252,0.24556169843451303,0.275241515453922,0.52381,0.4,-0.7618999999999999,-0.7000000000000001
"5",-0.5964393162580981,0.505813454935589,-0.0611357738737907,1.22459668448772,0.35765176435434104,0.265656928207022,0.186855364379439,0.35595260691991804,-0.224376636268964,0.23779416195621503,-0.0394104350179759,0.9398215813446531,0.13454629440752802,0.169573005282734,0.114571363698567,0.17302080140818601,0.331426220021431,0.414177311564392,0.0341406172098944,-1.09357159317084,0.17406747621881602,0.29535330415230604,0.151488452310783,0.266777892609254,-0.0967022577009849,-0.165707077903108,0.0824168633316763,-0.554723131066317,0.295560756887359,0.48173246200413405,0.365699395346793,0.561336831836111,0.57143,0.4,-0.80952,-0.75
"5",0.6624367725119661,0.0023239850867604103,0.0999959572622782,0.230995544127217,0.253634600591902,0.34842258334950604,0.295614976725435,0.317055825276224,0.398793512382458,-0.132793570840018,0.170966358369984,0.37585673815768306,0.15269054712680402,0.268616899010519,0.22668700827760302,0.23403455979061702,0.0010075488833053402,-0.0956326491596444,0.318512493762498,-0.418478818636966,0.15105638447157402,0.193447209069875,0.18103944230735802,0.188632389603116,0.0598643665768925,0.17001723876513702,0.43982471759012703,-0.5817087834313871,0.17697518796579,0.225428555528352,0.24999214519001303,0.209886306365406,0.80952,0.76,-0.7618999999999999,-0.8
"5",0.57165555937737,0.0798091027738078,-0.45103437549642,-0.10289712202001901,0.1609774704163,0.346029960203231,0.31075514429262,0.22243480467493,0.6373735599832281,-0.47841402560058605,0.500650316246948,0.18340487840704903,0.179483574878698,0.351313163619053,0.326476816098885,0.23275052741683602,0.030224107772783,-0.162497001565194,0.43372425567625206,-0.255659813954397,0.131043282611951,0.11932621671535,0.17754482400724703,0.126287528902922,-0.19374788900918702,0.192886671541939,0.49197154692256506,-0.380125049481076,0.133489056436495,0.125782456036364,0.20138832581256103,0.12203438979155601,0.57143,0.76,-0.85714,-0.7000000000000001
"5",-0.00555846297818933,-0.0248758245411603,-0.5651409282177,-0.12061736538956601,0.24442622635849,0.350438723349947,0.25148765693956104,0.21456453107078302,-0.00465176628298811,0.23492822800520702,0.216348683951877,0.182485830882046,0.20455541089578402,0.31629305593879603,0.252889940339184,0.19357671166679202,-0.0101254400552242,0.114263745488572,-0.0765971716732598,-0.45012639068943805,0.14264235866586,0.15383774674703,0.17874666850961302,0.0943644885731551,-0.356712181259541,0.163174491596838,-0.118778405611835,-0.5108518949956681,0.15873688523972,0.1907346358251,0.27718052547116,0.12833324119987802,-0.047618999999999995,0.28,-0.47619,0.0
"5",0.10387719599743901,-0.460248589921728,-0.16154387869299,-0.12532405749012202,0.245874983452112,0.30441419087388,0.39414360390624903,0.198450878446803,0.0774746411844234,-0.172231556664627,-0.217605289148377,-0.195569454546726,0.18338073083574602,0.27376526649231503,0.33852073017822504,0.16782950730047402,-0.20450723269168503,-0.10260997381498801,0.6275148078641191,-0.17990353125320502,0.135263649103809,0.16310046410907802,0.227280009374372,0.12784927028894402,-0.0469089064768103,-0.0847217454277262,0.41008376482659303,-0.306031840107214,0.11445091948800401,0.13179857546850302,0.148528513982491,0.0859427209998692,-0.66667,0.08,-0.28570999999999996,-0.45
"6",-0.0920647327794777,0.312992904659584,0.0845228364173229,0.703089391967719,0.20855672750520002,0.214568306895033,0.172715520557635,0.29852108692178,-0.11633114575981,0.5894481337203831,0.18144941478579701,1.13012288547525,0.26352808870591304,0.21389000713924802,0.19069822904957,0.27631710848959,0.337758503766505,0.503401711786035,-0.24648422267056602,-1.30033987969101,0.23154604853231403,0.18266678536792302,0.171008934268536,0.17850525655822502,0.155345496088886,0.263923138397335,-0.41979951218555606,-1.20999516652131,0.31743584764243604,0.277375791798454,0.291253802809326,0.36458412945205704,0.28570999999999996,0.76,-0.57143,-1.0
"6",0.00611047964940402,-0.375176719320626,0.24976599821911502,0.0772271865390987,0.24246430979753802,0.325676088059472,0.234578060130773,0.35530903124302604,0.00577420013392019,0.692183072638141,-0.08066264852688469,1.06336786278181,0.22912071235524,0.284604456906281,0.23433327614490002,0.23830747401679703,-0.18301963781277902,0.35732734631489504,0.140831577931391,-0.8295701140332741,0.15887211708887503,0.14692204902976302,0.165626501842448,0.15334260436784,0.23722472251367802,-0.0810741826650553,0.274198368847471,-0.43395854846118403,0.22279940271734203,0.23552882507125,0.32247396010315504,0.33129742015929603,0.57143,0.64,-0.85714,-0.5
"6",0.15127557522579302,-0.19483135636804602,0.238209825347297,0.181946894123743,0.126610434693813,0.133582669769197,0.21166455945682902,0.213043395859898,0.512108105374817,0.42224738272903506,0.7226008194579291,1.12672589653753,0.42861003658358504,0.239747670410164,0.36366344071794504,0.292512983961083,-0.5708292251385071,0.365444538271812,0.312665457602954,-0.48953049962162903,0.39137895099512904,0.20749560636355302,0.36782108747387904,0.35297036345902605,0.29107626770923,0.260827116383411,0.130400628702759,-0.825072862598985,0.258639751249501,0.13126650845440102,0.153403901487689,0.13340205683404302,0.28570999999999996,0.4,-0.47619,-0.55
"6",-0.0138198838780609,-0.5283145232655491,0.507814623812352,0.22758754325743,0.30044091845216503,0.369665843058259,0.575166122789889,0.6735907839832831,-0.0102054865879263,0.62475632852921,1.53340783647808,1.93351209553731,0.22186479935591602,0.297712925601058,0.31659949786393404,0.2972842727535,-0.22685067377680102,0.36326944100644104,-0.431534339550856,-1.10509060939802,0.158729207464706,0.173107503077391,0.370155040907895,0.33895499726528505,0.09728031970143179,0.39778476137146,-0.19252521740740902,-1.03852695002136,0.11018261720463501,0.0821297848570952,0.165141387819593,0.125209473218994,0.42857,0.76,-0.57143,-0.55
"6",0.0510301389775882,0.28333561527510603,0.45771884087187,0.6795525488011871,0.10293121312505,0.29625073080164804,0.24911805228988,0.344440368660864,0.263979354356621,0.47932814139195806,0.633429269478892,1.15112143603297,0.5324640639491081,0.6814056505381291,0.599128665682464,0.8202559847788551,0.17067999385572102,0.0558176008582726,-0.26474898075791603,-1.02125772482951,0.17845999650937902,0.0793494588359815,0.201250965058161,0.17023374839725702,0.345035959160853,0.0923039923621169,-0.33129769671622,-1.08547530727485,0.18778926808517502,0.0873056715970441,0.251838481095615,0.208116972649102,0.33332999999999996,0.8,-0.71429,-0.45
"6",0.047098860619236,-0.129511384440908,0.11468424911354501,0.18650121422026,0.20934602114786702,0.22302467812158103,0.25480300648445603,0.20681458203562403,0.0564120583484141,0.21625751296418802,-0.130679150825495,0.557964146130262,0.25074152123286303,0.241187442868833,0.278734463677957,0.19245032645995802,-0.13465054707654,0.18771969296510602,0.45624766765029,-0.369871346725667,0.231874557208076,0.20935981414839502,0.23930037161354603,0.19792064879460902,0.0919888260141054,-0.0875137027142285,0.351991180455411,-0.39369109633012406,0.20437880190647,0.186663938634682,0.18461819371366803,0.16618886260345903,0.047618999999999995,0.68,-0.33332999999999996,-0.25
"6",0.487674151969948,-0.885567659810321,0.22429489760505403,-0.490389583175648,0.22386719065995,0.43635888738083,0.26493182764240103,0.517604629371299,0.469057096010052,1.50141436823533,0.32396144847156705,1.68380102056248,0.215321016950997,0.29898679277926504,0.25293119683363,0.308129986105734,-0.231171912147553,0.40749089740634,-0.0983490517884613,-0.9498033785187431,0.11390876491584101,0.08114641705837859,0.136156615927986,0.132204531179795,0.19116093884078,0.28706293425372204,-0.321097275486108,-1.21275214588907,0.22579477929142203,0.224122875946888,0.444534213791108,0.386294826127041,0.28570999999999996,0.68,-0.57143,-0.75
"6",0.0187919365894584,-0.202904609372782,0.343139252412111,0.289030060297429,0.40015364947944204,0.448065720216041,0.454409045611368,0.59472450906498,0.0073339531821541406,0.0256736724952208,0.288637105027771,0.47557318707390206,0.15616847773935802,0.281629220497487,0.279734215594367,0.35488015471655804,-0.0623673922954981,0.0202202757856141,-0.167681586318691,-0.93904678044463,0.137723290926024,0.22180778806798,0.252929534404974,0.234965439756661,0.100287784712105,0.21615396306386403,-0.159440019409161,-1.01824319510517,0.132808112791404,0.209486785489571,0.24049802223384703,0.20024555656103502,0.42857,0.6,-1.0,-0.6
"6",0.196653987086732,0.407961608927896,0.0528860868242097,0.5055863182046,0.15694654830323101,0.148422689339087,0.162318793603402,0.145007307126527,0.40795119204592606,0.0521447815410547,0.108080485941275,0.21396221627825202,0.325579625495002,0.25441871834357804,0.233088034299253,0.265586163463359,0.7246724883416591,0.0446506597065025,0.27989311120092303,-0.683956576755235,0.263646963968924,0.21785427572996302,0.206701036785254,0.191279505165765,0.110860685358211,0.10921391199979,0.330297933884209,-0.5661917460581171,0.340255325851666,0.23553239832761802,0.24392499368404402,0.236719435892765,0.28570999999999996,0.56,-0.57143,-0.75
"6",-0.17171927512597102,0.32925230339514705,0.316981656248268,0.760126927034072,0.24874235325891503,0.25965254786846403,0.340432291749588,0.29739410999524,-0.168442786294522,0.302976689538395,0.690326502139161,0.853528229000383,0.24399622594290402,0.25892476359521305,0.300097356483056,0.27685165026664604,0.27735426924165,0.26018477466058804,0.12436175626010999,-0.7096082532838831,0.21872509904467402,0.22235466818489102,0.319295827437171,0.27101831722749103,0.16215689598572902,0.360016552354383,0.0755234994945833,-0.7508852771085781,0.174153433283168,0.15650567567216903,0.193904774162542,0.168756970672053,0.28570999999999996,0.2,-1.0,-0.7000000000000001
"6",-0.146711698959945,-0.09469841550005101,0.5745864132567351,0.7220335507034431,0.18607119252714102,0.25355442116480703,0.215722661281594,0.269839504869108,-0.2159584187314,0.33457977320333704,0.39315126069969203,1.04337728470502,0.273895270755453,0.29906039264161,0.29316140445889904,0.300455234035852,-0.07696087135400839,0.18472324692515402,0.056573570121778397,-0.6671403261959861,0.20606225653790602,0.165112810695506,0.22753664974920002,0.24093380808613502,0.47316819856275105,0.219945193613718,0.0573253240199248,-0.909231038050282,0.177646217649366,0.16400670253232402,0.23056017403893103,0.19760115260215702,0.42857,0.68,-0.28570999999999996,-0.3
"6",-0.43337017590195703,-0.156402450589815,0.414880423848189,0.69280528310466,0.23034713163455703,0.38592988380368,0.31725366268353705,0.500909589250012,-0.418001705255066,0.336100531159844,0.65500902409441,1.3638840764745,0.22217840354025803,0.37158365647504205,0.283975575575504,0.39330152099757404,-0.0649638169432553,0.144736526546381,-0.37486888319683204,-1.01012901436198,0.16030105813435802,0.160016788947065,0.193627882566617,0.23001469455137302,0.232748863698782,0.38097184084837105,-0.506309455721174,-1.37861419515242,0.177980028098141,0.16516825540312302,0.26151977992601805,0.196988793583617,-0.61905,0.6,-0.28570999999999996,-0.9500000000000001
"6",-0.0928036527974207,0.325232711996058,-0.350214059313994,0.301620083870474,0.325193127346439,0.36905409731043604,0.242119450783946,0.44224314722140806,-0.0485343586732095,0.5776212759420081,0.178463214410599,1.08131771646802,0.170069166513815,0.236151600970696,0.180144678607899,0.199921723324779,0.127173536571054,0.43187840127291705,-0.00869212377914162,-0.993464505801506,0.144308714990439,0.17656686159791501,0.15994587805721702,0.15368947365395702,-0.297335144801396,0.289719118470736,-0.0188727871872206,-0.723353894589146,0.20556177013308802,0.29244882569130104,0.34728273489279,0.375859761623807,0.19047999999999998,0.52,-0.90476,-0.7000000000000001
