[
  { "nodeid": 0, "depth": 0, "split": 32, "split_condition": -0.046537, "yes": 1, "no": 2, "missing": 1, "gain": 36.4272, "cover": 57.7778, "children": [
    { "nodeid": 1, "depth": 1, "split": 35, "split_condition": -0.25702, "yes": 3, "no": 4, "missing": 3, "gain": 5.35664, "cover": 33.8889, "children": [
      { "nodeid": 3, "depth": 2, "split": 31, "split_condition": 0.120082, "yes": 7, "no": 8, "missing": 7, "gain": 6.91683, "cover": 4.72222, "children": [
        { "nodeid": 7, "leaf": 0.164151, "cover": 1.94444 },
        { "nodeid": 8, "leaf": -0.0441176, "cover": 2.77778 }
      ]},
      { "nodeid": 4, "depth": 2, "split": 5, "split_condition": 0.308601, "yes": 9, "no": 10, "missing": 9, "gain": 1.52673, "cover": 29.1667, "children": [
        { "nodeid": 9, "leaf": -0.0578529, "cover": 26.9444 },
        { "nodeid": 10, "depth": 3, "split": 1, "split_condition": 0.190677, "yes": 15, "no": 16, "missing": 15, "gain": 0.914701, "cover": 2.22222, "children": [
          { "nodeid": 15, "leaf": 0.0631579, "cover": 1.11111 },
          { "nodeid": 16, "leaf": -0.0315789, "cover": 1.11111 }
        ]}
      ]}
    ]},
    { "nodeid": 2, "depth": 1, "split": 18, "split_condition": 0.168909, "yes": 5, "no": 6, "missing": 5, "gain": 15.0577, "cover": 23.8889, "children": [
      { "nodeid": 5, "depth": 2, "split": 24, "split_condition": -0.143766, "yes": 11, "no": 12, "missing": 11, "gain": 8.09398, "cover": 8.88889, "children": [
        { "nodeid": 11, "depth": 3, "split": 35, "split_condition": -0.28085, "yes": 17, "no": 18, "missing": 17, "gain": 2.80444, "cover": 3.05556, "children": [
          { "nodeid": 17, "leaf": 0.00697674, "cover": 1.38889 },
          { "nodeid": 18, "leaf": 0.1875, "cover": 1.66667 }
        ]},
        { "nodeid": 12, "leaf": -0.0512195, "cover": 5.83333 }
      ]},
      { "nodeid": 6, "depth": 2, "split": 21, "split_condition": 0.214521, "yes": 13, "no": 14, "missing": 13, "gain": 9.92359, "cover": 15, "children": [
        { "nodeid": 13, "depth": 3, "split": 2, "split_condition": 0.18346, "yes": 19, "no": 20, "missing": 19, "gain": 8.8017, "cover": 12.7778, "children": [
          { "nodeid": 19, "depth": 4, "split": 33, "split_condition": -0.26389, "yes": 23, "no": 24, "missing": 23, "gain": 5.79895, "cover": 10.5556, "children": [
            { "nodeid": 23, "leaf": 0.0157895, "cover": 1.11111 },
            { "nodeid": 24, "leaf": 0.271277, "cover": 9.44444 }
          ]},
          { "nodeid": 20, "depth": 4, "split": 0, "split_condition": 0.149749, "yes": 25, "no": 26, "missing": 25, "gain": 0.914701, "cover": 2.22222, "children": [
            { "nodeid": 25, "leaf": 0.0631579, "cover": 1.11111 },
            { "nodeid": 26, "leaf": -0.0315789, "cover": 1.11111 }
          ]}
        ]},
        { "nodeid": 14, "depth": 3, "split": 0, "split_condition": 0.339481, "yes": 21, "no": 22, "missing": 21, "gain": 0.228675, "cover": 2.22222, "children": [
          { "nodeid": 21, "leaf": -0.0315789, "cover": 1.11111 },
          { "nodeid": 22, "leaf": 0.0157895, "cover": 1.11111 }
        ]}
      ]}
    ]}
  ]},
  { "nodeid": 0, "depth": 0, "split": 19, "split_condition": -0.481558, "yes": 1, "no": 2, "missing": 1, "gain": 45.4177, "cover": 57.7778, "children": [
    { "nodeid": 1, "depth": 1, "split": 23, "split_condition": 0.106068, "yes": 3, "no": 4, "missing": 3, "gain": 11.4155, "cover": 11.6667, "children": [
      { "nodeid": 3, "depth": 2, "split": 12, "split_condition": 0.166507, "yes": 7, "no": 8, "missing": 7, "gain": 5.21004, "cover": 8.05556, "children": [
        { "nodeid": 7, "leaf": 0.0157895, "cover": 1.11111 },
        { "nodeid": 8, "leaf": 0.262238, "cover": 6.94444 }
      ]},
      { "nodeid": 4, "depth": 2, "split": 1, "split_condition": -0.0983749, "yes": 9, "no": 10, "missing": 9, "gain": 1.36591, "cover": 3.61111, "children": [
        { "nodeid": 9, "leaf": -0.0375, "cover": 1.66667 },
        { "nodeid": 10, "leaf": 0.0622641, "cover": 1.94444 }
      ]}
    ]},
    { "nodeid": 2, "depth": 1, "split": 2, "split_condition": 0.45465, "yes": 5, "no": 6, "missing": 5, "gain": 6.30885, "cover": 46.1111, "children": [
      { "nodeid": 5, "depth": 2, "split": 27, "split_condition": -0.447884, "yes": 11, "no": 12, "missing": 11, "gain": 3.96434, "cover": 44.4444, "children": [
        { "nodeid": 11, "leaf": 0.075, "cover": 1.66667 },
        { "nodeid": 12, "depth": 3, "split": 18, "split_condition": 0.677775, "yes": 13, "no": 14, "missing": 13, "gain": 1.59218, "cover": 42.7778, "children": [
          { "nodeid": 13, "leaf": -0.0585562, "cover": 40.5556 },
          { "nodeid": 14, "depth": 4, "split": 0, "split_condition": 0.0820365, "yes": 15, "no": 16, "missing": 15, "gain": 0.914701, "cover": 2.22222, "children": [
            { "nodeid": 15, "leaf": 0.0631579, "cover": 1.11111 },
            { "nodeid": 16, "leaf": -0.0315789, "cover": 1.11111 }
          ]}
        ]}
      ]},
      { "nodeid": 6, "leaf": 0.1125, "cover": 1.66667 }
    ]}
  ]},
  { "nodeid": 0, "depth": 0, "split": 35, "split_condition": -0.36085, "yes": 1, "no": 2, "missing": 1, "gain": 6.2256, "cover": 57.7778, "children": [
    { "nodeid": 1, "depth": 1, "split": 26, "split_condition": 0.11616, "yes": 3, "no": 4, "missing": 3, "gain": 7.09034, "cover": 16.1111, "children": [
      { "nodeid": 3, "depth": 2, "split": 29, "split_condition": 0.152982, "yes": 5, "no": 6, "missing": 5, "gain": 3.39734, "cover": 3.88889, "children": [
        { "nodeid": 5, "leaf": 0.175862, "cover": 2.22222 },
        { "nodeid": 6, "leaf": -1.67638e-009, "cover": 1.66667 }
      ]},
      { "nodeid": 4, "depth": 2, "split": 8, "split_condition": 0.234924, "yes": 7, "no": 8, "missing": 7, "gain": 3.29261, "cover": 12.2222, "children": [
        { "nodeid": 7, "leaf": -0.0540984, "cover": 9.16667 },
        { "nodeid": 8, "depth": 3, "split": 11, "split_condition": -0.0460127, "yes": 9, "no": 10, "missing": 9, "gain": 2.50816, "cover": 3.05556, "children": [
          { "nodeid": 9, "leaf": -0.0348837, "cover": 1.38889 },
          { "nodeid": 10, "leaf": 0.1125, "cover": 1.66667 }
        ]}
      ]}
    ]},
    { "nodeid": 2, "leaf": -0.0585938, "cover": 41.6667 }
  ]},
  { "nodeid": 0, "depth": 0, "split": 19, "split_condition": -0.0391068, "yes": 1, "no": 2, "missing": 1, "gain": 19.0706, "cover": 57.7778, "children": [
    { "nodeid": 1, "depth": 1, "split": 10, "split_condition": 0.339581, "yes": 3, "no": 4, "missing": 3, "gain": 1.27183, "cover": 39.4444, "children": [
      { "nodeid": 3, "leaf": -0.0584071, "cover": 36.6667 },
      { "nodeid": 4, "depth": 2, "split": 3, "split_condition": -0.280688, "yes": 7, "no": 8, "missing": 7, "gain": 1.18769, "cover": 2.77778, "children": [
        { "nodeid": 7, "leaf": 0.0631579, "cover": 1.11111 },
        { "nodeid": 8, "leaf": -0.0375, "cover": 1.66667 }
      ]}
    ]},
    { "nodeid": 2, "depth": 1, "split": 11, "split_condition": -0.426151, "yes": 5, "no": 6, "missing": 5, "gain": 23.3734, "cover": 18.3333, "children": [
      { "nodeid": 5, "depth": 2, "split": 2, "split_condition": -0.216139, "yes": 9, "no": 10, "missing": 9, "gain": 0.640583, "cover": 9.16667, "children": [
        { "nodeid": 9, "leaf": 0.0157895, "cover": 1.11111 },
        { "nodeid": 10, "leaf": -0.0533742, "cover": 8.05556 }
      ]},
      { "nodeid": 6, "depth": 2, "split": 18, "split_condition": 0.337961, "yes": 11, "no": 12, "missing": 11, "gain": 4.11653, "cover": 9.16667, "children": [
        { "nodeid": 11, "depth": 3, "split": 29, "split_condition": 0.235437, "yes": 13, "no": 14, "missing": 13, "gain": 5.84946, "cover": 7.77778, "children": [
          { "nodeid": 13, "leaf": 0.241463, "cover": 5.83333 },
          { "nodeid": 14, "leaf": 0.0283019, "cover": 1.94444 }
        ]},
        { "nodeid": 12, "leaf": 0.00697674, "cover": 1.38889 }
      ]}
    ]}
  ]},
  { "nodeid": 0, "depth": 0, "split": 34, "split_condition": -0.119049, "yes": 1, "no": 2, "missing": 1, "gain": 36.8579, "cover": 57.7778, "children": [
    { "nodeid": 1, "depth": 1, "split": 20, "split_condition": 0.286649, "yes": 3, "no": 4, "missing": 3, "gain": 2.49746, "cover": 28.8889, "children": [
      { "nodeid": 3, "depth": 2, "split": 2, "split_condition": -0.593791, "yes": 7, "no": 8, "missing": 7, "gain": 0.776686, "cover": 27.7778, "children": [
        { "nodeid": 7, "leaf": 0.0157895, "cover": 1.11111 },
        { "nodeid": 8, "leaf": -0.0578313, "cover": 26.6667 }
      ]},
      { "nodeid": 4, "leaf": 0.0631579, "cover": 1.11111 }
    ]},
    { "nodeid": 2, "depth": 1, "split": 15, "split_condition": 0.0588469, "yes": 5, "no": 6, "missing": 5, "gain": 20.3502, "cover": 28.8889, "children": [
      { "nodeid": 5, "depth": 2, "split": 0, "split_condition": -0.0776359, "yes": 9, "no": 10, "missing": 9, "gain": 1.11897, "cover": 7.5, "children": [
        { "nodeid": 9, "leaf": 0.0631579, "cover": 1.11111 },
        { "nodeid": 10, "leaf": 0.259398, "cover": 6.38889 }
      ]},
      { "nodeid": 6, "depth": 2, "split": 20, "split_condition": 0.167376, "yes": 11, "no": 12, "missing": 11, "gain": 10.0065, "cover": 21.3889, "children": [
        { "nodeid": 11, "leaf": -0.0512195, "cover": 5.83333 },
        { "nodeid": 12, "depth": 3, "split": 27, "split_condition": 0.975683, "yes": 13, "no": 14, "missing": 13, "gain": 5.88901, "cover": 15.5556, "children": [
          { "nodeid": 13, "depth": 4, "split": 13, "split_condition": 0.133121, "yes": 15, "no": 16, "missing": 15, "gain": 6.10994, "cover": 13.3333, "children": [
            { "nodeid": 15, "depth": 5, "split": 1, "split_condition": -0.0338411, "yes": 17, "no": 18, "missing": 17, "gain": 1.39383, "cover": 3.33333, "children": [
              { "nodeid": 17, "leaf": 0.0631579, "cover": 1.11111 },
              { "nodeid": 18, "leaf": -0.0413793, "cover": 2.22222 }
            ]},
            { "nodeid": 16, "depth": 5, "split": 10, "split_condition": -0.287413, "yes": 19, "no": 20, "missing": 19, "gain": 6.27965, "cover": 10, "children": [
              { "nodeid": 19, "leaf": -0.00566038, "cover": 1.94444 },
              { "nodeid": 20, "leaf": 0.189571, "cover": 8.05556 }
            ]}
          ]},
          { "nodeid": 14, "leaf": -0.0413793, "cover": 2.22222 }
        ]}
      ]}
    ]}
  ]},
  { "nodeid": 0, "depth": 0, "split": 27, "split_condition": 0.378695, "yes": 1, "no": 2, "missing": 1, "gain": 44.4222, "cover": 57.7778, "children": [
    { "nodeid": 1, "depth": 1, "split": 19, "split_condition": 0.393622, "yes": 3, "no": 4, "missing": 3, "gain": 3.29768, "cover": 49.7222, "children": [
      { "nodeid": 3, "depth": 2, "split": 6, "split_condition": 0.08318, "yes": 7, "no": 8, "missing": 7, "gain": 0.807445, "cover": 47.5, "children": [
        { "nodeid": 7, "leaf": 0.0157895, "cover": 1.11111 },
        { "nodeid": 8, "leaf": -0.0587339, "cover": 46.3889 }
      ]},
      { "nodeid": 4, "depth": 2, "split": 0, "split_condition": 0.267886, "yes": 9, "no": 10, "missing": 9, "gain": 1.9274, "cover": 2.22222, "children": [
        { "nodeid": 9, "leaf": -0.0315789, "cover": 1.11111 },
        { "nodeid": 10, "leaf": 0.110526, "cover": 1.11111 }
      ]}
    ]},
    { "nodeid": 2, "depth": 1, "split": 6, "split_condition": 0.222962, "yes": 5, "no": 6, "missing": 5, "gain": 7.69905, "cover": 8.05556, "children": [
      { "nodeid": 5, "depth": 2, "split": 10, "split_condition": -0.0109595, "yes": 11, "no": 12, "missing": 11, "gain": 1.40216, "cover": 6.94444, "children": [
        { "nodeid": 11, "leaf": 0.075, "cover": 1.66667 },
        { "nodeid": 12, "leaf": 0.252212, "cover": 5.27778 }
      ]},
      { "nodeid": 6, "leaf": -0.0315789, "cover": 1.11111 }
    ]}
  ]}
]
