[
  { "nodeid": 0, "depth": 0, "split": 31, "split_condition": 0.0888477, "yes": 1, "no": 2, "missing": 1, "gain": 15.3833, "cover": 17.5, "children": [
    { "nodeid": 1, "leaf": 0.194118, "cover": 2.77778 },
    { "nodeid": 2, "depth": 1, "split": 32, "split_condition": 0.35714, "yes": 3, "no": 4, "missing": 3, "gain": 8.34193, "cover": 14.7222, "children": [
      { "nodeid": 3, "leaf": -0.0558935, "cover": 13.6111 },
      { "nodeid": 4, "leaf": 0.157895, "cover": 1.11111 }
    ]}
  ]},
  { "nodeid": 0, "depth": 0, "split": 19, "split_condition": -0.480314, "yes": 1, "no": 2, "missing": 1, "gain": 34.9373, "cover": 18.8889, "children": [
    { "nodeid": 1, "depth": 1, "split": 23, "split_condition": 0.102876, "yes": 3, "no": 4, "missing": 3, "gain": 4.6408, "cover": 6.94444, "children": [
      { "nodeid": 3, "leaf": 0.252212, "cover": 5.27778 },
      { "nodeid": 4, "leaf": 0.0375, "cover": 1.66667 }
    ]},
    { "nodeid": 2, "leaf": -0.0553648, "cover": 11.9444 }
  ]},
  { "nodeid": 0, "leaf": -0.0567073, "cover": 17.2222 },
  { "nodeid": 0, "depth": 0, "split": 7, "split_condition": 0.0877023, "yes": 1, "no": 2, "missing": 1, "gain": 5.43211, "cover": 18.8889, "children": [
    { "nodeid": 1, "depth": 1, "split": 5, "split_condition": 0.176973, "yes": 3, "no": 4, "missing": 3, "gain": 4.61696, "cover": 2.77778, "children": [
      { "nodeid": 3, "leaf": 0.174419, "cover": 1.38889 },
      { "nodeid": 4, "leaf": -0.0348837, "cover": 1.38889 }
    ]},
    { "nodeid": 2, "depth": 1, "split": 10, "split_condition": -0.500135, "yes": 5, "no": 6, "missing": 5, "gain": 2.46954, "cover": 16.1111, "children": [
      { "nodeid": 5, "leaf": 0.0631579, "cover": 1.11111 },
      { "nodeid": 6, "leaf": -0.05625, "cover": 15 }
    ]}
  ]},
  { "nodeid": 0, "depth": 0, "split": 19, "split_condition": -0.170119, "yes": 1, "no": 2, "missing": 1, "gain": 10.8424, "cover": 18.0556, "children": [
    { "nodeid": 1, "leaf": -0.0539326, "cover": 8.88889 },
    { "nodeid": 2, "depth": 1, "split": 20, "split_condition": 0.165502, "yes": 3, "no": 4, "missing": 3, "gain": 4.46854, "cover": 9.16667, "children": [
      { "nodeid": 3, "leaf": -0.0375, "cover": 1.66667 },
      { "nodeid": 4, "depth": 2, "split": 27, "split_condition": 0.85028, "yes": 5, "no": 6, "missing": 5, "gain": 5.38261, "cover": 7.5, "children": [
        { "nodeid": 5, "depth": 3, "split": 20, "split_condition": 0.369567, "yes": 7, "no": 8, "missing": 7, "gain": 3.74039, "cover": 6.11111, "children": [
          { "nodeid": 7, "depth": 4, "split": 32, "split_condition": -0.38095, "yes": 9, "no": 10, "missing": 9, "gain": 0.427916, "cover": 4.72222, "children": [
            { "nodeid": 9, "leaf": 0.226027, "cover": 3.05556 },
            { "nodeid": 10, "leaf": 0.075, "cover": 1.66667 }
          ]},
          { "nodeid": 8, "leaf": 0.00697674, "cover": 1.38889 }
        ]},
        { "nodeid": 6, "leaf": -0.0348837, "cover": 1.38889 }
      ]}
    ]}
  ]},
  { "nodeid": 0, "depth": 0, "split": 27, "split_condition": 1.02746, "yes": 1, "no": 2, "missing": 1, "gain": 10.3617, "cover": 20, "children": [
    { "nodeid": 1, "depth": 1, "split": 27, "split_condition": 0.209367, "yes": 3, "no": 4, "missing": 3, "gain": 1.41393, "cover": 18.6111, "children": [
      { "nodeid": 3, "leaf": -0.0565495, "cover": 16.3889 },
      { "nodeid": 4, "depth": 2, "split": 0, "split_condition": 0.218543, "yes": 5, "no": 6, "missing": 5, "gain": 0.914701, "cover": 2.22222, "children": [
        { "nodeid": 5, "leaf": -0.0315789, "cover": 1.11111 },
        { "nodeid": 6, "leaf": 0.0631579, "cover": 1.11111 }
      ]}
    ]},
    { "nodeid": 2, "leaf": 0.174419, "cover": 1.38889 }
  ]}
]
