[
  { "nodeid": 0, "depth": 0, "split": 32, "split_condition": -0.0227275, "yes": 1, "no": 2, "missing": 1, "gain": 23.3895, "cover": 37.5, "children": [
    { "nodeid": 1, "depth": 1, "split": 35, "split_condition": -0.443405, "yes": 3, "no": 4, "missing": 3, "gain": 4.54006, "cover": 23.8889, "children": [
      { "nodeid": 3, "depth": 2, "split": 2, "split_condition": -0.0239189, "yes": 7, "no": 8, "missing": 7, "gain": 3.76814, "cover": 2.5, "children": [
        { "nodeid": 7, "leaf": 0.157895, "cover": 1.11111 },
        { "nodeid": 8, "leaf": -0.0348837, "cover": 1.38889 }
      ]},
      { "nodeid": 4, "depth": 2, "split": 10, "split_condition": -0.627432, "yes": 9, "no": 10, "missing": 9, "gain": 0.755208, "cover": 21.3889, "children": [
        { "nodeid": 9, "leaf": 0.0157895, "cover": 1.11111 },
        { "nodeid": 10, "leaf": -0.0571802, "cover": 20.2778 }
      ]}
    ]},
    { "nodeid": 2, "depth": 1, "split": 26, "split_condition": 0.176564, "yes": 5, "no": 6, "missing": 5, "gain": 11.9794, "cover": 13.6111, "children": [
      { "nodeid": 5, "depth": 2, "split": 2, "split_condition": -0.146257, "yes": 11, "no": 12, "missing": 11, "gain": 1.68355, "cover": 4.44444, "children": [
        { "nodeid": 11, "leaf": 0.0631579, "cover": 1.11111 },
        { "nodeid": 12, "leaf": -0.0461538, "cover": 3.33333 }
      ]},
      { "nodeid": 6, "depth": 2, "split": 2, "split_condition": 0.18346, "yes": 13, "no": 14, "missing": 13, "gain": 9.20904, "cover": 9.16667, "children": [
        { "nodeid": 13, "depth": 3, "split": 9, "split_condition": 0.116665, "yes": 15, "no": 16, "missing": 15, "gain": 2.6529, "cover": 7.77778, "children": [
          { "nodeid": 15, "leaf": 0.245865, "cover": 6.38889 },
          { "nodeid": 16, "leaf": 0.0488372, "cover": 1.38889 }
        ]},
        { "nodeid": 14, "leaf": -0.0348837, "cover": 1.38889 }
      ]}
    ]}
  ]},
  { "nodeid": 0, "depth": 0, "split": 19, "split_condition": -0.500679, "yes": 1, "no": 2, "missing": 1, "gain": 30.2976, "cover": 37.5, "children": [
    { "nodeid": 1, "depth": 1, "split": 31, "split_condition": 0.0876873, "yes": 3, "no": 4, "missing": 3, "gain": 8.52996, "cover": 8.33333, "children": [
      { "nodeid": 3, "leaf": -0.0348837, "cover": 1.38889 },
      { "nodeid": 4, "depth": 2, "split": 23, "split_condition": 0.104398, "yes": 7, "no": 8, "missing": 7, "gain": 4.6408, "cover": 6.94444, "children": [
        { "nodeid": 7, "leaf": 0.252212, "cover": 5.27778 },
        { "nodeid": 8, "leaf": 0.0375, "cover": 1.66667 }
      ]}
    ]},
    { "nodeid": 2, "depth": 1, "split": 2, "split_condition": 0.45465, "yes": 5, "no": 6, "missing": 5, "gain": 8.1945, "cover": 29.1667, "children": [
      { "nodeid": 5, "depth": 2, "split": 27, "split_condition": -0.447884, "yes": 9, "no": 10, "missing": 9, "gain": 4.63209, "cover": 28.0556, "children": [
        { "nodeid": 9, "leaf": 0.0906977, "cover": 1.38889 },
        { "nodeid": 10, "leaf": -0.0578313, "cover": 26.6667 }
      ]},
      { "nodeid": 6, "leaf": 0.157895, "cover": 1.11111 }
    ]}
  ]},
  { "nodeid": 0, "depth": 0, "split": 27, "split_condition": -0.302807, "yes": 1, "no": 2, "missing": 1, "gain": 6.77858, "cover": 35.2778, "children": [
    { "nodeid": 1, "depth": 1, "split": 30, "split_condition": 0.185982, "yes": 3, "no": 4, "missing": 3, "gain": 6.78684, "cover": 6.38889, "children": [
      { "nodeid": 3, "depth": 2, "split": 0, "split_condition": -0.103091, "yes": 7, "no": 8, "missing": 7, "gain": 1.71046, "cover": 3.33333, "children": [
        { "nodeid": 7, "leaf": 0.0157895, "cover": 1.11111 },
        { "nodeid": 8, "leaf": 0.175862, "cover": 2.22222 }
      ]},
      { "nodeid": 4, "leaf": -0.0452055, "cover": 3.05556 }
    ]},
    { "nodeid": 2, "depth": 1, "split": 34, "split_condition": -0.777775, "yes": 5, "no": 6, "missing": 5, "gain": 1.09409, "cover": 28.8889, "children": [
      { "nodeid": 5, "depth": 2, "split": 9, "split_condition": -0.116189, "yes": 9, "no": 10, "missing": 9, "gain": 1.29752, "cover": 3.05556, "children": [
        { "nodeid": 9, "leaf": 0.0631579, "cover": 1.11111 },
        { "nodeid": 10, "leaf": -0.0396226, "cover": 1.94444 }
      ]},
      { "nodeid": 6, "leaf": -0.057764, "cover": 25.8333 }
    ]}
  ]},
  { "nodeid": 0, "depth": 0, "split": 19, "split_condition": 0.100947, "yes": 1, "no": 2, "missing": 1, "gain": 20.9459, "cover": 36.3889, "children": [
    { "nodeid": 1, "depth": 1, "split": 16, "split_condition": -0.775838, "yes": 3, "no": 4, "missing": 3, "gain": 0.775202, "cover": 27.2222, "children": [
      { "nodeid": 3, "leaf": 0.0157895, "cover": 1.11111 },
      { "nodeid": 4, "leaf": -0.0577869, "cover": 26.1111 }
    ]},
    { "nodeid": 2, "depth": 1, "split": 11, "split_condition": -0.473235, "yes": 5, "no": 6, "missing": 5, "gain": 15.594, "cover": 9.16667, "children": [
      { "nodeid": 5, "depth": 2, "split": 0, "split_condition": -0.122627, "yes": 7, "no": 8, "missing": 7, "gain": 0.445915, "cover": 4.16667, "children": [
        { "nodeid": 7, "leaf": 0.0157895, "cover": 1.11111 },
        { "nodeid": 8, "leaf": -0.0452055, "cover": 3.05556 }
      ]},
      { "nodeid": 6, "depth": 2, "split": 1, "split_condition": 0.0653065, "yes": 9, "no": 10, "missing": 9, "gain": 0.516348, "cover": 5, "children": [
        { "nodeid": 9, "leaf": 0.238636, "cover": 3.88889 },
        { "nodeid": 10, "leaf": 0.0631579, "cover": 1.11111 }
      ]}
    ]}
  ]},
  { "nodeid": 0, "depth": 0, "split": 32, "split_condition": -0.18615, "yes": 1, "no": 2, "missing": 1, "gain": 26.2462, "cover": 41.1111, "children": [
    { "nodeid": 1, "depth": 1, "split": 7, "split_condition": 0.0693705, "yes": 3, "no": 4, "missing": 3, "gain": 15.6706, "cover": 22.5, "children": [
      { "nodeid": 3, "leaf": 0.236283, "cover": 5.27778 },
      { "nodeid": 4, "depth": 2, "split": 20, "split_condition": 0.165502, "yes": 5, "no": 6, "missing": 5, "gain": 10.3283, "cover": 17.2222, "children": [
        { "nodeid": 5, "leaf": -0.0515625, "cover": 6.11111 },
        { "nodeid": 6, "depth": 3, "split": 2, "split_condition": 0.267175, "yes": 7, "no": 8, "missing": 7, "gain": 9.17566, "cover": 11.1111, "children": [
          { "nodeid": 7, "depth": 4, "split": 10, "split_condition": -0.300225, "yes": 9, "no": 10, "missing": 9, "gain": 3.09904, "cover": 8.33333, "children": [
            { "nodeid": 9, "leaf": 0.00697674, "cover": 1.38889 },
            { "nodeid": 10, "depth": 5, "split": 14, "split_condition": 0.108176, "yes": 11, "no": 12, "missing": 11, "gain": 4.41574, "cover": 6.94444, "children": [
              { "nodeid": 11, "leaf": 0.00697674, "cover": 1.38889 },
              { "nodeid": 12, "leaf": 0.208475, "cover": 5.55556 }
            ]}
          ]},
          { "nodeid": 8, "leaf": -0.0441176, "cover": 2.77778 }
        ]}
      ]}
    ]},
    { "nodeid": 2, "leaf": -0.0569405, "cover": 18.6111 }
  ]},
  { "nodeid": 0, "depth": 0, "split": 27, "split_condition": 0.356685, "yes": 1, "no": 2, "missing": 1, "gain": 21.3543, "cover": 35, "children": [
    { "nodeid": 1, "depth": 1, "split": 14, "split_condition": 0.108515, "yes": 3, "no": 4, "missing": 3, "gain": 0.78393, "cover": 30.8333, "children": [
      { "nodeid": 3, "leaf": 0.0157895, "cover": 1.11111 },
      { "nodeid": 4, "leaf": -0.058047, "cover": 29.7222 }
    ]},
    { "nodeid": 2, "depth": 1, "split": 6, "split_condition": 0.215817, "yes": 5, "no": 6, "missing": 5, "gain": 2.51397, "cover": 4.16667, "children": [
      { "nodeid": 5, "leaf": 0.20137, "cover": 3.05556 },
      { "nodeid": 6, "leaf": 0.0157895, "cover": 1.11111 }
    ]}
  ]}
]
