[
  { "nodeid": 0, "depth": 0, "split": 34, "split_condition": -0.0909075, "yes": 1, "no": 2, "missing": 1, "gain": 32.39, "cover": 32.7778, "children": [
    { "nodeid": 1, "depth": 1, "split": 15, "split_condition": 0.1032, "yes": 3, "no": 4, "missing": 3, "gain": 21.2994, "cover": 15.5556, "children": [
      { "nodeid": 3, "depth": 2, "split": 22, "split_condition": 0.190487, "yes": 5, "no": 6, "missing": 5, "gain": 10.6219, "cover": 11.3889, "children": [
        { "nodeid": 5, "depth": 3, "split": 16, "split_condition": -0.00281349, "yes": 7, "no": 8, "missing": 7, "gain": 5.21606, "cover": 10, "children": [
          { "nodeid": 7, "leaf": 0.259551, "cover": 8.88889 },
          { "nodeid": 8, "leaf": 0.0157895, "cover": 1.11111 }
        ]},
        { "nodeid": 6, "leaf": -0.0348837, "cover": 1.38889 }
      ]},
      { "nodeid": 4, "leaf": -0.0483871, "cover": 4.16667 }
    ]},
    { "nodeid": 2, "leaf": -0.0567073, "cover": 17.2222 }
  ]},
  { "nodeid": 0, "depth": 0, "split": 19, "split_condition": -0.320596, "yes": 1, "no": 2, "missing": 1, "gain": 22.1659, "cover": 33.3333, "children": [
    { "nodeid": 1, "depth": 1, "split": 21, "split_condition": 0.119988, "yes": 3, "no": 4, "missing": 3, "gain": 6.81659, "cover": 5, "children": [
      { "nodeid": 3, "leaf": -0.0315789, "cover": 1.11111 },
      { "nodeid": 4, "leaf": 0.218182, "cover": 3.88889 }
    ]},
    { "nodeid": 2, "depth": 1, "split": 6, "split_condition": 0.29306, "yes": 5, "no": 6, "missing": 5, "gain": 4.43536, "cover": 28.3333, "children": [
      { "nodeid": 5, "depth": 2, "split": 16, "split_condition": 0.196332, "yes": 7, "no": 8, "missing": 7, "gain": 0.633574, "cover": 26.9444, "children": [
        { "nodeid": 7, "leaf": -0.0577406, "cover": 25.5556 },
        { "nodeid": 8, "leaf": 0.00697674, "cover": 1.38889 }
      ]},
      { "nodeid": 6, "leaf": 0.0906977, "cover": 1.38889 }
    ]}
  ]},
  { "nodeid": 0, "leaf": -0.0582237, "cover": 32.7778 },
  { "nodeid": 0, "depth": 0, "split": 19, "split_condition": 0.0135626, "yes": 1, "no": 2, "missing": 1, "gain": 20.7065, "cover": 31.1111, "children": [
    { "nodeid": 1, "leaf": -0.0575621, "cover": 23.6111 },
    { "nodeid": 2, "depth": 1, "split": 33, "split_condition": -0.476925, "yes": 3, "no": 4, "missing": 3, "gain": 13.6336, "cover": 7.5, "children": [
      { "nodeid": 3, "depth": 2, "split": 0, "split_condition": 0.0862456, "yes": 5, "no": 6, "missing": 5, "gain": 0.424981, "cover": 4.72222, "children": [
        { "nodeid": 5, "leaf": 0.0631579, "cover": 1.11111 },
        { "nodeid": 6, "leaf": 0.23494, "cover": 3.61111 }
      ]},
      { "nodeid": 4, "leaf": -0.0441176, "cover": 2.77778 }
    ]}
  ]},
  { "nodeid": 0, "depth": 0, "split": 15, "split_condition": 0.0628531, "yes": 1, "no": 2, "missing": 1, "gain": 31.0263, "cover": 35, "children": [
    { "nodeid": 1, "depth": 1, "split": 33, "split_condition": -0.25641, "yes": 3, "no": 4, "missing": 3, "gain": 33.0388, "cover": 17.5, "children": [
      { "nodeid": 3, "depth": 2, "split": 19, "split_condition": -0.0608088, "yes": 7, "no": 8, "missing": 7, "gain": 10.6049, "cover": 11.6667, "children": [
        { "nodeid": 7, "leaf": 0.271277, "cover": 9.44444 },
        { "nodeid": 8, "depth": 3, "split": 3, "split_condition": -0.0936331, "yes": 9, "no": 10, "missing": 9, "gain": 0.914701, "cover": 2.22222, "children": [
          { "nodeid": 9, "leaf": -0.0315789, "cover": 1.11111 },
          { "nodeid": 10, "leaf": 0.0631579, "cover": 1.11111 }
        ]}
      ]},
      { "nodeid": 4, "leaf": -0.0512195, "cover": 5.83333 }
    ]},
    { "nodeid": 2, "depth": 1, "split": 13, "split_condition": 0.0981111, "yes": 5, "no": 6, "missing": 5, "gain": 2.4974, "cover": 17.5, "children": [
      { "nodeid": 5, "leaf": 0.0631579, "cover": 1.11111 },
      { "nodeid": 6, "leaf": -0.0565495, "cover": 16.3889 }
    ]}
  ]},
  { "nodeid": 0, "depth": 0, "split": 3, "split_condition": -0.252364, "yes": 1, "no": 2, "missing": 1, "gain": 24.2854, "cover": 32.7778, "children": [
    { "nodeid": 1, "depth": 1, "split": 9, "split_condition": -0.185745, "yes": 3, "no": 4, "missing": 3, "gain": 3.30407, "cover": 4.16667, "children": [
      { "nodeid": 3, "leaf": 0.0157895, "cover": 1.11111 },
      { "nodeid": 4, "leaf": 0.226027, "cover": 3.05556 }
    ]},
    { "nodeid": 2, "depth": 1, "split": 11, "split_condition": -0.430388, "yes": 5, "no": 6, "missing": 5, "gain": 1.95959, "cover": 28.6111, "children": [
      { "nodeid": 5, "leaf": 0.0375, "cover": 1.66667 },
      { "nodeid": 6, "leaf": -0.0578529, "cover": 26.9444 }
    ]}
  ]}
]
