[
  { "nodeid": 0, "depth": 0, "split": 31, "split_condition": 0.0948089, "yes": 1, "no": 2, "missing": 1, "gain": 13.9223, "cover": 37.7778, "children": [
    { "nodeid": 1, "depth": 1, "split": 34, "split_condition": 0.16234, "yes": 3, "no": 4, "missing": 3, "gain": 19.5792, "cover": 15.5556, "children": [
      { "nodeid": 3, "depth": 2, "split": 11, "split_condition": 0.0193133, "yes": 7, "no": 8, "missing": 7, "gain": 10.1627, "cover": 9.72222, "children": [
        { "nodeid": 7, "depth": 3, "split": 23, "split_condition": 0.0485856, "yes": 11, "no": 12, "missing": 11, "gain": 4.132, "cover": 8.05556, "children": [
          { "nodeid": 11, "leaf": 0.0157895, "cover": 1.11111 },
          { "nodeid": 12, "depth": 4, "split": 7, "split_condition": 0.101575, "yes": 13, "no": 14, "missing": 13, "gain": 1.01232, "cover": 6.94444, "children": [
            { "nodeid": 13, "leaf": 0.256098, "cover": 5.83333 },
            { "nodeid": 14, "leaf": 0.0631579, "cover": 1.11111 }
          ]}
        ]},
        { "nodeid": 8, "leaf": -0.0375, "cover": 1.66667 }
      ]},
      { "nodeid": 4, "leaf": -0.0512195, "cover": 5.83333 }
    ]},
    { "nodeid": 2, "depth": 1, "split": 34, "split_condition": 0.41883, "yes": 5, "no": 6, "missing": 5, "gain": 6.01282, "cover": 22.2222, "children": [
      { "nodeid": 5, "depth": 2, "split": 16, "split_condition": -0.54896, "yes": 9, "no": 10, "missing": 9, "gain": 2.17401, "cover": 20.5556, "children": [
        { "nodeid": 9, "leaf": 0.0488372, "cover": 1.38889 },
        { "nodeid": 10, "leaf": -0.0570248, "cover": 19.1667 }
      ]},
      { "nodeid": 6, "leaf": 0.1125, "cover": 1.66667 }
    ]}
  ]},
  { "nodeid": 0, "depth": 0, "split": 3, "split_condition": -0.494511, "yes": 1, "no": 2, "missing": 1, "gain": 31.6497, "cover": 38.0556, "children": [
    { "nodeid": 1, "depth": 1, "split": 7, "split_condition": 0.131873, "yes": 3, "no": 4, "missing": 3, "gain": 8.30338, "cover": 6.66667, "children": [
      { "nodeid": 3, "leaf": 0.238983, "cover": 5.55556 },
      { "nodeid": 4, "leaf": -0.0315789, "cover": 1.11111 }
    ]},
    { "nodeid": 2, "depth": 1, "split": 32, "split_condition": 0.72381, "yes": 5, "no": 6, "missing": 5, "gain": 5.01107, "cover": 31.3889, "children": [
      { "nodeid": 5, "depth": 2, "split": 22, "split_condition": 0.265304, "yes": 7, "no": 8, "missing": 7, "gain": 1.59527, "cover": 29.4444, "children": [
        { "nodeid": 7, "depth": 3, "split": 19, "split_condition": -0.403202, "yes": 9, "no": 10, "missing": 9, "gain": 0.83747, "cover": 27.7778, "children": [
          { "nodeid": 9, "depth": 4, "split": 6, "split_condition": 0.160097, "yes": 11, "no": 12, "missing": 11, "gain": 2.92602, "cover": 6.94444, "children": [
            { "nodeid": 11, "leaf": 0.075, "cover": 1.66667 },
            { "nodeid": 12, "leaf": -0.0504425, "cover": 5.27778 }
          ]},
          { "nodeid": 10, "leaf": -0.0572519, "cover": 20.8333 }
        ]},
        { "nodeid": 8, "leaf": 0.0375, "cover": 1.66667 }
      ]},
      { "nodeid": 6, "leaf": 0.0962264, "cover": 1.94444 }
    ]}
  ]},
  { "nodeid": 0, "depth": 0, "split": 11, "split_condition": 0.122294, "yes": 1, "no": 2, "missing": 1, "gain": 5.81191, "cover": 35.8333, "children": [
    { "nodeid": 1, "leaf": -0.0579151, "cover": 27.7778 },
    { "nodeid": 2, "depth": 1, "split": 2, "split_condition": -0.0828936, "yes": 3, "no": 4, "missing": 3, "gain": 9.77279, "cover": 8.05556, "children": [
      { "nodeid": 3, "leaf": 0.175862, "cover": 2.22222 },
      { "nodeid": 4, "depth": 2, "split": 3, "split_condition": -0.108331, "yes": 5, "no": 6, "missing": 5, "gain": 0.54091, "cover": 5.83333, "children": [
        { "nodeid": 5, "leaf": 0.0157895, "cover": 1.11111 },
        { "nodeid": 6, "leaf": -0.0495146, "cover": 4.72222 }
      ]}
    ]}
  ]},
  { "nodeid": 0, "depth": 0, "split": 13, "split_condition": 0.299914, "yes": 1, "no": 2, "missing": 1, "gain": 11.7221, "cover": 36.1111, "children": [
    { "nodeid": 1, "depth": 1, "split": 8, "split_condition": 0.768826, "yes": 3, "no": 4, "missing": 3, "gain": 2.00552, "cover": 33.6111, "children": [
      { "nodeid": 3, "depth": 2, "split": 8, "split_condition": -0.168267, "yes": 5, "no": 6, "missing": 5, "gain": 2.19213, "cover": 32.5, "children": [
        { "nodeid": 5, "depth": 3, "split": 35, "split_condition": -0.12143, "yes": 7, "no": 8, "missing": 7, "gain": 2.48336, "cover": 2.77778, "children": [
          { "nodeid": 7, "leaf": -0.0375, "cover": 1.66667 },
          { "nodeid": 8, "leaf": 0.110526, "cover": 1.11111 }
        ]},
        { "nodeid": 6, "depth": 3, "split": 7, "split_condition": 0.0320493, "yes": 9, "no": 10, "missing": 9, "gain": 0.65908, "cover": 29.7222, "children": [
          { "nodeid": 9, "leaf": 0.0157895, "cover": 1.11111 },
          { "nodeid": 10, "depth": 4, "split": 11, "split_condition": -0.537217, "yes": 11, "no": 12, "missing": 11, "gain": 0.714163, "cover": 28.6111, "children": [
            { "nodeid": 11, "leaf": 0.0157895, "cover": 1.11111 },
            { "nodeid": 12, "depth": 5, "split": 12, "split_condition": 0.316067, "yes": 13, "no": 14, "missing": 13, "gain": 0.635082, "cover": 27.5, "children": [
              { "nodeid": 13, "leaf": -0.0577869, "cover": 26.1111 },
              { "nodeid": 14, "leaf": 0.00697674, "cover": 1.38889 }
            ]}
          ]}
        ]}
      ]},
      { "nodeid": 4, "leaf": 0.0631579, "cover": 1.11111 }
    ]},
    { "nodeid": 2, "leaf": 0.157143, "cover": 2.5 }
  ]},
  { "nodeid": 0, "depth": 0, "split": 3, "split_condition": -0.144958, "yes": 1, "no": 2, "missing": 1, "gain": 17.1675, "cover": 41.3889, "children": [
    { "nodeid": 1, "depth": 1, "split": 15, "split_condition": 0.0731341, "yes": 3, "no": 4, "missing": 3, "gain": 2.66482, "cover": 17.5, "children": [
      { "nodeid": 3, "depth": 2, "split": 10, "split_condition": -0.240495, "yes": 7, "no": 8, "missing": 7, "gain": 2.22679, "cover": 2.5, "children": [
        { "nodeid": 7, "leaf": 0.110526, "cover": 1.11111 },
        { "nodeid": 8, "leaf": -0.0348837, "cover": 1.38889 }
      ]},
      { "nodeid": 4, "leaf": -0.05625, "cover": 15 }
    ]},
    { "nodeid": 2, "depth": 1, "split": 33, "split_condition": 0.215385, "yes": 5, "no": 6, "missing": 5, "gain": 10.9053, "cover": 23.8889, "children": [
      { "nodeid": 5, "depth": 2, "split": 19, "split_condition": -0.0515615, "yes": 9, "no": 10, "missing": 9, "gain": 10.5078, "cover": 13.6111, "children": [
        { "nodeid": 9, "depth": 3, "split": 32, "split_condition": 0.19524, "yes": 13, "no": 14, "missing": 13, "gain": 5.08791, "cover": 11.3889, "children": [
          { "nodeid": 13, "leaf": 0.227027, "cover": 7.22222 },
          { "nodeid": 14, "depth": 4, "split": 23, "split_condition": 0.0926801, "yes": 17, "no": 18, "missing": 17, "gain": 3.78975, "cover": 4.16667, "children": [
            { "nodeid": 17, "leaf": -0.0375, "cover": 1.66667 },
            { "nodeid": 18, "depth": 5, "split": 13, "split_condition": 0.272232, "yes": 19, "no": 20, "missing": 19, "gain": 1.53436, "cover": 2.5, "children": [
              { "nodeid": 19, "leaf": 0.0157895, "cover": 1.11111 },
              { "nodeid": 20, "leaf": 0.174419, "cover": 1.38889 }
            ]}
          ]}
        ]},
        { "nodeid": 10, "leaf": -0.0413793, "cover": 2.22222 }
      ]},
      { "nodeid": 6, "depth": 2, "split": 7, "split_condition": 0.164571, "yes": 11, "no": 12, "missing": 11, "gain": 6.38169, "cover": 10.2778, "children": [
        { "nodeid": 11, "leaf": -0.0518797, "cover": 6.38889 },
        { "nodeid": 12, "depth": 3, "split": 9, "split_condition": 0.286947, "yes": 15, "no": 16, "missing": 15, "gain": 4.47901, "cover": 3.88889, "children": [
          { "nodeid": 15, "leaf": 0.157143, "cover": 2.5 },
          { "nodeid": 16, "leaf": -0.0348837, "cover": 1.38889 }
        ]}
      ]}
    ]}
  ]},
  { "nodeid": 0, "depth": 0, "split": 10, "split_condition": 0.284384, "yes": 1, "no": 2, "missing": 1, "gain": 13.352, "cover": 35.2778, "children": [
    { "nodeid": 1, "depth": 1, "split": 11, "split_condition": 0.534384, "yes": 3, "no": 4, "missing": 3, "gain": 5.25109, "cover": 31.6667, "children": [
      { "nodeid": 3, "depth": 2, "split": 27, "split_condition": 0.282982, "yes": 7, "no": 8, "missing": 7, "gain": 1.55604, "cover": 29.7222, "children": [
        { "nodeid": 7, "depth": 3, "split": 7, "split_condition": 0.0314465, "yes": 9, "no": 10, "missing": 9, "gain": 0.770378, "cover": 25.5556, "children": [
          { "nodeid": 9, "leaf": 0.0157895, "cover": 1.11111 },
          { "nodeid": 10, "leaf": -0.0576419, "cover": 24.4444 }
        ]},
        { "nodeid": 8, "depth": 3, "split": 12, "split_condition": 0.163365, "yes": 11, "no": 12, "missing": 11, "gain": 3.35933, "cover": 4.16667, "children": [
          { "nodeid": 11, "leaf": 0.110526, "cover": 1.11111 },
          { "nodeid": 12, "leaf": -0.0452055, "cover": 3.05556 }
        ]}
      ]},
      { "nodeid": 4, "leaf": 0.0962264, "cover": 1.94444 }
    ]},
    { "nodeid": 2, "depth": 1, "split": 2, "split_condition": 0.0647701, "yes": 5, "no": 6, "missing": 5, "gain": 3.67823, "cover": 3.61111, "children": [
      { "nodeid": 5, "leaf": 0.00697674, "cover": 1.38889 },
      { "nodeid": 6, "leaf": 0.206897, "cover": 2.22222 }
    ]}
  ]}
]
