[
  { "nodeid": 0, "depth": 0, "split": 3, "split_condition": 0.0597398, "yes": 1, "no": 2, "missing": 1, "gain": 31.6009, "cover": 25.8333, "children": [
    { "nodeid": 1, "depth": 1, "split": 0, "split_condition": -0.18951, "yes": 3, "no": 4, "missing": 3, "gain": 2.47547, "cover": 16.3889, "children": [
      { "nodeid": 3, "leaf": 0.0631579, "cover": 1.11111 },
      { "nodeid": 4, "leaf": -0.056314, "cover": 15.2778 }
    ]},
    { "nodeid": 2, "depth": 1, "split": 15, "split_condition": 0.106625, "yes": 5, "no": 6, "missing": 5, "gain": 15.4114, "cover": 9.44444, "children": [
      { "nodeid": 5, "depth": 2, "split": 4, "split_condition": 0.170035, "yes": 7, "no": 8, "missing": 7, "gain": 1.06719, "cover": 7.22222, "children": [
        { "nodeid": 7, "leaf": 0.257812, "cover": 6.11111 },
        { "nodeid": 8, "leaf": 0.0631579, "cover": 1.11111 }
      ]},
      { "nodeid": 6, "leaf": -0.0413793, "cover": 2.22222 }
    ]}
  ]},
  { "nodeid": 0, "depth": 0, "split": 19, "split_condition": -0.393751, "yes": 1, "no": 2, "missing": 1, "gain": 23.5878, "cover": 25.8333, "children": [
    { "nodeid": 1, "depth": 1, "split": 33, "split_condition": -0.102565, "yes": 3, "no": 4, "missing": 3, "gain": 3.30407, "cover": 4.16667, "children": [
      { "nodeid": 3, "leaf": 0.0157895, "cover": 1.11111 },
      { "nodeid": 4, "leaf": 0.226027, "cover": 3.05556 }
    ]},
    { "nodeid": 2, "depth": 1, "split": 3, "split_condition": 0.226811, "yes": 5, "no": 6, "missing": 5, "gain": 0.756391, "cover": 21.6667, "children": [
      { "nodeid": 5, "leaf": -0.0572165, "cover": 20.5556 },
      { "nodeid": 6, "leaf": 0.0157895, "cover": 1.11111 }
    ]}
  ]},
  { "nodeid": 0, "leaf": -0.057764, "cover": 25.8333 },
  { "nodeid": 0, "depth": 0, "split": 19, "split_condition": 0.0102513, "yes": 1, "no": 2, "missing": 1, "gain": 21.6891, "cover": 25.8333, "children": [
    { "nodeid": 1, "leaf": -0.0571046, "cover": 19.7222 },
    { "nodeid": 2, "depth": 1, "split": 23, "split_condition": 0.0639008, "yes": 3, "no": 4, "missing": 3, "gain": 10.5076, "cover": 6.11111, "children": [
      { "nodeid": 3, "leaf": 0.23494, "cover": 3.61111 },
      { "nodeid": 4, "depth": 2, "split": 0, "split_condition": 0.23675, "yes": 5, "no": 6, "missing": 5, "gain": 0.271901, "cover": 2.5, "children": [
        { "nodeid": 5, "leaf": -0.0348837, "cover": 1.38889 },
        { "nodeid": 6, "leaf": 0.0157895, "cover": 1.11111 }
      ]}
    ]}
  ]},
  { "nodeid": 0, "depth": 0, "split": 15, "split_condition": 0.0661014, "yes": 1, "no": 2, "missing": 1, "gain": 21.9951, "cover": 25.8333, "children": [
    { "nodeid": 1, "depth": 1, "split": 33, "split_condition": -0.25641, "yes": 3, "no": 4, "missing": 3, "gain": 23.532, "cover": 12.5, "children": [
      { "nodeid": 3, "depth": 2, "split": 19, "split_condition": -0.0108852, "yes": 7, "no": 8, "missing": 7, "gain": 9.93235, "cover": 8.05556, "children": [
        { "nodeid": 7, "leaf": 0.262238, "cover": 6.94444 },
        { "nodeid": 8, "leaf": -0.0315789, "cover": 1.11111 }
      ]},
      { "nodeid": 4, "leaf": -0.0489796, "cover": 4.44444 }
    ]},
    { "nodeid": 2, "depth": 1, "split": 5, "split_condition": 0.0743292, "yes": 5, "no": 6, "missing": 5, "gain": 0.701254, "cover": 13.3333, "children": [
      { "nodeid": 5, "leaf": 0.0157895, "cover": 1.11111 },
      { "nodeid": 6, "leaf": -0.0554622, "cover": 12.2222 }
    ]}
  ]},
  { "nodeid": 0, "depth": 0, "split": 27, "split_condition": 0.282982, "yes": 1, "no": 2, "missing": 1, "gain": 29.6404, "cover": 25.8333, "children": [
    { "nodeid": 1, "depth": 1, "split": 3, "split_condition": -0.25165, "yes": 3, "no": 4, "missing": 3, "gain": 0.757546, "cover": 21.9444, "children": [
      { "nodeid": 3, "leaf": 0.0157895, "cover": 1.11111 },
      { "nodeid": 4, "leaf": -0.0572519, "cover": 20.8333 }
    ]},
    { "nodeid": 2, "leaf": 0.218182, "cover": 3.88889 }
  ]}
]
