[
  { "nodeid": 0, "depth": 0, "split": 9, "split_condition": -0.272419, "yes": 1, "no": 2, "missing": 1, "gain": 11.037, "cover": 18.0556, "children": [
    { "nodeid": 1, "depth": 1, "split": 33, "split_condition": -0.307695, "yes": 3, "no": 4, "missing": 3, "gain": 9.49057, "cover": 7.77778, "children": [
      { "nodeid": 3, "leaf": -0.0441176, "cover": 2.77778 },
      { "nodeid": 4, "depth": 2, "split": 23, "split_condition": 0.0855861, "yes": 5, "no": 6, "missing": 5, "gain": 6.81659, "cover": 5, "children": [
        { "nodeid": 5, "leaf": 0.218182, "cover": 3.88889 },
        { "nodeid": 6, "leaf": -0.0315789, "cover": 1.11111 }
      ]}
    ]},
    { "nodeid": 2, "leaf": -0.0546798, "cover": 10.2778 }
  ]},
  { "nodeid": 0, "depth": 0, "split": 19, "split_condition": -0.399712, "yes": 1, "no": 2, "missing": 1, "gain": 15.0783, "cover": 19.1667, "children": [
    { "nodeid": 1, "depth": 1, "split": 17, "split_condition": -0.116497, "yes": 3, "no": 4, "missing": 3, "gain": 1.99755, "cover": 3.61111, "children": [
      { "nodeid": 3, "leaf": 0.185714, "cover": 2.5 },
      { "nodeid": 4, "leaf": 0.0157895, "cover": 1.11111 }
    ]},
    { "nodeid": 2, "leaf": -0.0563758, "cover": 15.5556 }
  ]},
  { "nodeid": 0, "depth": 0, "split": 11, "split_condition": 0.116071, "yes": 1, "no": 2, "missing": 1, "gain": 18.7332, "cover": 18.0556, "children": [
    { "nodeid": 1, "leaf": -0.0564356, "cover": 15.8333 },
    { "nodeid": 2, "leaf": 0.206897, "cover": 2.22222 }
  ]},
  { "nodeid": 0, "depth": 0, "split": 19, "split_condition": 0.0244511, "yes": 1, "no": 2, "missing": 1, "gain": 12.1621, "cover": 19.7222, "children": [
    { "nodeid": 1, "leaf": -0.0566563, "cover": 16.9444 },
    { "nodeid": 2, "depth": 1, "split": 0, "split_condition": 0.179647, "yes": 3, "no": 4, "missing": 3, "gain": 1.89822, "cover": 2.77778, "children": [
      { "nodeid": 3, "leaf": 0.0157895, "cover": 1.11111 },
      { "nodeid": 4, "leaf": 0.1875, "cover": 1.66667 }
    ]}
  ]},
  { "nodeid": 0, "depth": 0, "split": 34, "split_condition": 0.15909, "yes": 1, "no": 2, "missing": 1, "gain": 21.4485, "cover": 18.6111, "children": [
    { "nodeid": 1, "depth": 1, "split": 35, "split_condition": 0.38095, "yes": 3, "no": 4, "missing": 3, "gain": 1.72311, "cover": 13.0556, "children": [
      { "nodeid": 3, "leaf": -0.055157, "cover": 11.3889 },
      { "nodeid": 4, "leaf": 0.0375, "cover": 1.66667 }
    ]},
    { "nodeid": 2, "depth": 1, "split": 10, "split_condition": -0.154156, "yes": 5, "no": 6, "missing": 5, "gain": 7.38659, "cover": 5.55556, "children": [
      { "nodeid": 5, "leaf": 0.226531, "cover": 4.44444 },
      { "nodeid": 6, "leaf": -0.0315789, "cover": 1.11111 }
    ]}
  ]},
  { "nodeid": 0, "depth": 0, "split": 27, "split_condition": 0.282982, "yes": 1, "no": 2, "missing": 1, "gain": 11.7471, "cover": 19.4444, "children": [
    { "nodeid": 1, "depth": 1, "split": 3, "split_condition": -0.269126, "yes": 3, "no": 4, "missing": 3, "gain": 0.734956, "cover": 17.5, "children": [
      { "nodeid": 3, "leaf": 0.0157895, "cover": 1.11111 },
      { "nodeid": 4, "leaf": -0.0565495, "cover": 16.3889 }
    ]},
    { "nodeid": 2, "leaf": 0.164151, "cover": 1.94444 }
  ]}
]
