[
  { "nodeid": 0, "depth": 0, "split": 27, "split_condition": -0.144114, "yes": 1, "no": 2, "missing": 1, "gain": 19.3404, "cover": 28.8889, "children": [
    { "nodeid": 1, "depth": 1, "split": 5, "split_condition": 0.147971, "yes": 3, "no": 4, "missing": 3, "gain": 0.714443, "cover": 14.7222, "children": [
      { "nodeid": 3, "leaf": 0.0157895, "cover": 1.11111 },
      { "nodeid": 4, "leaf": -0.0558935, "cover": 13.6111 }
    ]},
    { "nodeid": 2, "depth": 1, "split": 3, "split_condition": -0.488309, "yes": 5, "no": 6, "missing": 5, "gain": 14.0789, "cover": 14.1667, "children": [
      { "nodeid": 5, "depth": 2, "split": 7, "split_condition": 0.126704, "yes": 7, "no": 8, "missing": 7, "gain": 5.79502, "cover": 6.66667, "children": [
        { "nodeid": 7, "leaf": -0.0504425, "cover": 5.27778 },
        { "nodeid": 8, "leaf": 0.132558, "cover": 1.38889 }
      ]},
      { "nodeid": 6, "depth": 2, "split": 11, "split_condition": 0.0248627, "yes": 9, "no": 10, "missing": 9, "gain": 10.5113, "cover": 7.5, "children": [
        { "nodeid": 9, "leaf": 0.24375, "cover": 6.11111 },
        { "nodeid": 10, "leaf": -0.0348837, "cover": 1.38889 }
      ]}
    ]}
  ]},
  { "nodeid": 0, "depth": 0, "split": 3, "split_condition": -0.494511, "yes": 1, "no": 2, "missing": 1, "gain": 49.6029, "cover": 28.8889, "children": [
    { "nodeid": 1, "depth": 1, "split": 7, "split_condition": 0.104398, "yes": 3, "no": 4, "missing": 3, "gain": 7.2508, "cover": 8.61111, "children": [
      { "nodeid": 3, "leaf": 0.26087, "cover": 6.66667 },
      { "nodeid": 4, "leaf": 0.0283019, "cover": 1.94444 }
    ]},
    { "nodeid": 2, "leaf": -0.0571802, "cover": 20.2778 }
  ]},
  { "nodeid": 0, "leaf": -0.0579926, "cover": 28.8889 },
  { "nodeid": 0, "depth": 0, "split": 10, "split_condition": -0.56537, "yes": 1, "no": 2, "missing": 1, "gain": 10.3127, "cover": 28.8889, "children": [
    { "nodeid": 1, "leaf": 0.164151, "cover": 1.94444 },
    { "nodeid": 2, "depth": 1, "split": 12, "split_condition": 0.133757, "yes": 3, "no": 4, "missing": 3, "gain": 6.00123, "cover": 26.9444, "children": [
      { "nodeid": 3, "leaf": 0.1125, "cover": 1.66667 },
      { "nodeid": 4, "depth": 2, "split": 5, "split_condition": 0.387911, "yes": 5, "no": 6, "missing": 5, "gain": 2.45063, "cover": 25.2778, "children": [
        { "nodeid": 5, "depth": 3, "split": 12, "split_condition": 0.316067, "yes": 7, "no": 8, "missing": 7, "gain": 0.185792, "cover": 24.1667, "children": [
          { "nodeid": 7, "leaf": -0.0572864, "cover": 21.1111 },
          { "nodeid": 8, "depth": 4, "split": 0, "split_condition": 0.0380838, "yes": 9, "no": 10, "missing": 9, "gain": 0.343663, "cover": 3.05556, "children": [
            { "nodeid": 9, "leaf": 0.0157895, "cover": 1.11111 },
            { "nodeid": 10, "leaf": -0.0396226, "cover": 1.94444 }
          ]}
        ]},
        { "nodeid": 6, "leaf": 0.0631579, "cover": 1.11111 }
      ]}
    ]}
  ]},
  { "nodeid": 0, "depth": 0, "split": 3, "split_condition": -0.144958, "yes": 1, "no": 2, "missing": 1, "gain": 21.8035, "cover": 28.8889, "children": [
    { "nodeid": 1, "leaf": -0.0561151, "cover": 14.4444 },
    { "nodeid": 2, "depth": 1, "split": 11, "split_condition": 0.991599, "yes": 3, "no": 4, "missing": 3, "gain": 7.45143, "cover": 14.4444, "children": [
      { "nodeid": 3, "depth": 2, "split": 27, "split_condition": -0.189696, "yes": 5, "no": 6, "missing": 5, "gain": 7.31784, "cover": 12.2222, "children": [
        { "nodeid": 5, "depth": 3, "split": 1, "split_condition": 0.199237, "yes": 7, "no": 8, "missing": 7, "gain": 2.83348, "cover": 9.16667, "children": [
          { "nodeid": 7, "depth": 4, "split": 5, "split_condition": 0.370213, "yes": 11, "no": 12, "missing": 11, "gain": 3.63931, "cover": 8.05556, "children": [
            { "nodeid": 11, "leaf": 0.224476, "cover": 6.94444 },
            { "nodeid": 12, "leaf": 0.0157895, "cover": 1.11111 }
          ]},
          { "nodeid": 8, "leaf": 0.0157895, "cover": 1.11111 }
        ]},
        { "nodeid": 6, "depth": 3, "split": 9, "split_condition": -0.0816797, "yes": 9, "no": 10, "missing": 9, "gain": 1.29752, "cover": 3.05556, "children": [
          { "nodeid": 9, "leaf": -0.0396226, "cover": 1.94444 },
          { "nodeid": 10, "leaf": 0.0631579, "cover": 1.11111 }
        ]}
      ]},
      { "nodeid": 4, "leaf": -0.0413793, "cover": 2.22222 }
    ]}
  ]},
  { "nodeid": 0, "depth": 0, "split": 11, "split_condition": 1.02746, "yes": 1, "no": 2, "missing": 1, "gain": 20.5557, "cover": 28.8889, "children": [
    { "nodeid": 1, "depth": 1, "split": 11, "split_condition": 0.209367, "yes": 3, "no": 4, "missing": 3, "gain": 2.76964, "cover": 26.3889, "children": [
      { "nodeid": 3, "leaf": -0.057385, "cover": 21.9444 },
      { "nodeid": 4, "depth": 2, "split": 14, "split_condition": 0.229888, "yes": 5, "no": 6, "missing": 5, "gain": 3.04274, "cover": 4.44444, "children": [
        { "nodeid": 5, "leaf": -0.0428571, "cover": 2.5 },
        { "nodeid": 6, "leaf": 0.0962264, "cover": 1.94444 }
      ]}
    ]},
    { "nodeid": 2, "leaf": 0.214286, "cover": 2.5 }
  ]}
]
