Strength,Anchor,Label,Time,Room
0.390093501232058,Ancre1,Trajectoire1,1,Salle1
0.388570494140244,Ancre1,Trajectoire1,2,Salle1
0.415975413924,Ancre1,Trajectoire1,3,Salle1
0.377913952516693,Ancre1,Trajectoire1,4,Salle1
0.3428971624788,Ancre1,Trajectoire1,5,Salle1
0.339852203363483,Ancre1,Trajectoire1,6,Salle1
0.324627535673965,Ancre1,Trajectoire1,7,Salle1
0.336807500022301,Ancre1,Trajectoire1,8,Salle1
0.320061072139883,Ancre1,Trajectoire1,9,Salle1
0.348985929725822,Ancre1,Trajectoire1,10,Salle1
0.344419402248206,Ancre1,Trajectoire1,11,Salle1
0.306357908869131,Ancre1,Trajectoire1,12,Salle1
0.310925299584456,Ancre1,Trajectoire1,13,Salle1
0.274385854144186,Ancre1,Trajectoire1,14,Salle1
0.25002650093932,Ancre1,Trajectoire1,15,Salle1
0.250027012487592,Ancre1,Trajectoire1,16,Salle1
0.460006644202855,Ancre2,Trajectoire1,1,Salle1
0.368249456297456,Ancre2,Trajectoire1,2,Salle1
0.427381866280935,Ancre2,Trajectoire1,3,Salle1
0.445733303862015,Ancre2,Trajectoire1,4,Salle1
0.394757088359016,Ancre2,Trajectoire1,5,Salle1
0.417186623180336,Ancre2,Trajectoire1,6,Salle1
0.370288504917576,Ancre2,Trajectoire1,7,Salle1
0.382522796638296,Ancre2,Trajectoire1,8,Salle1
0.307077997693857,Ancre2,Trajectoire1,9,Salle1
0.396796136979136,Ancre2,Trajectoire1,10,Salle1
0.392718039738896,Ancre2,Trajectoire1,11,Salle1
0.409030428699856,Ancre2,Trajectoire1,12,Salle1
0.305038949073737,Ancre2,Trajectoire1,13,Salle1
0.290765608732897,Ancre2,Trajectoire1,14,Salle1
0.260179879431097,Ancre2,Trajectoire1,15,Salle1
0.311156094934097,Ancre2,Trajectoire1,16,Salle1
-0.93452628753855,Ancre3,Trajectoire1,1,Salle1
-0.934528222483772,Ancre3,Trajectoire1,2,Salle1
-0.98981130055876,Ancre3,Trajectoire1,3,Salle1
-0.93913600428863,Ancre3,Trajectoire1,4,Salle1
-0.939135036816019,Ancre3,Trajectoire1,5,Salle1
-0.92070676364079,Ancre3,Trajectoire1,6,Salle1
-0.82626368367559,Ancre3,Trajectoire1,7,Salle1
-0.94834842361236,Ancre3,Trajectoire1,8,Salle1
-0.886154978918111,Ancre3,Trajectoire1,9,Salle1
-0.895368559208974,Ancre3,Trajectoire1,10,Salle1
-0.830869820777009,Ancre3,Trajectoire1,11,Salle1
-0.872333326580606,Ancre3,Trajectoire1,12,Salle1
-0.784799210399382,Ancre3,Trajectoire1,13,Salle1
-0.743338268398204,Ancre3,Trajectoire1,14,Salle1
-0.821656143738885,Ancre3,Trajectoire1,15,Salle1
-0.803228451047222,Ancre3,Trajectoire1,16,Salle1
-0.658214951557061,Ancre4,Trajectoire1,1,Salle1
-0.644741704925989,Ancre4,Trajectoire1,2,Salle1
-0.673612947706858,Ancre4,Trajectoire1,3,Salle1
-0.556203227064657,Ancre4,Trajectoire1,4,Salle1
-0.608171464070221,Ancre4,Trajectoire1,5,Salle1
-0.581224970808077,Ancre4,Trajectoire1,6,Salle1
-0.650515953482162,Ancre4,Trajectoire1,7,Salle1
-0.527331984283788,Ancre4,Trajectoire1,8,Salle1
-0.506159739577818,Ancre4,Trajectoire1,9,Salle1
-0.569676473695729,Ancre4,Trajectoire1,10,Salle1
-0.440718255941181,Ancre4,Trajectoire1,11,Salle1
-0.561977475620831,Ancre4,Trajectoire1,12,Salle1
-0.508084489096542,Ancre4,Trajectoire1,13,Salle1
-0.504234990059093,Ancre4,Trajectoire1,14,Salle1
-0.452266753053529,Ancre4,Trajectoire1,15,Salle1
-0.54080523091486,Ancre4,Trajectoire1,16,Salle1
0.525592535317665,Ancre1,Trajectoire2,1,Salle1
0.54386184240483,Ancre1,Trajectoire2,2,Salle1
0.578879559623965,Ancre1,Trajectoire2,3,Salle1
0.549952783732007,Ancre1,Trajectoire2,4,Salle1
0.528637846122419,Ancre1,Trajectoire2,5,Salle1
0.528637526404749,Ancre1,Trajectoire2,6,Salle1
0.527114391425868,Ancre1,Trajectoire2,7,Salle1
0.449469996164254,Ancre1,Trajectoire2,8,Salle1
0.495143583599835,Ancre1,Trajectoire2,9,Salle1
0.511890395143457,Ancre1,Trajectoire2,10,Salle1
0.514935066512871,Ancre1,Trajectoire2,11,Salle1
0.472306150446705,Ancre1,Trajectoire2,12,Salle1
0.422064692719295,Ancre1,Trajectoire2,13,Salle1
0.504277917425747,Ancre1,Trajectoire2,14,Salle1
0.466216807707877,Ancre1,Trajectoire2,15,Salle1
0.495143583599835,Ancre1,Trajectoire2,16,Salle1
0.419225671800455,Ancre2,Trajectoire2,1,Salle1
0.451850449722375,Ancre2,Trajectoire2,2,Salle1
0.394757088359016,Ancre2,Trajectoire2,3,Salle1
0.380483748018176,Ancre2,Trajectoire2,4,Salle1
0.364171359057216,Ancre2,Trajectoire2,5,Salle1
0.362132310437096,Ancre2,Trajectoire2,6,Salle1
0.417186623180336,Ancre2,Trajectoire2,7,Salle1
0.347858970096256,Ancre2,Trajectoire2,8,Salle1
0.225516052889058,Ancre2,Trajectoire2,9,Salle1
0.213281761168338,Ancre2,Trajectoire2,10,Salle1
0.227555101509178,Ancre2,Trajectoire2,11,Salle1
0.203086518067738,Ancre2,Trajectoire2,12,Salle1
0.192891274967138,Ancre2,Trajectoire2,13,Salle1
0.231633198749418,Ancre2,Trajectoire2,14,Salle1
0.164344594285459,Ancre2,Trajectoire2,15,Salle1
0.184735080486658,Ancre2,Trajectoire2,16,Salle1
-0.418541991423975,Ancre3,Trajectoire2,1,Salle1
-0.38168742839237,Ancre3,Trajectoire2,2,Salle1
-0.526806917221203,Ancre3,Trajectoire2,3,Salle1
-0.489952160695075,Ancre3,Trajectoire2,4,Salle1
-0.487648124671754,Ancre3,Trajectoire2,5,Salle1
-0.430058737012809,Ancre3,Trajectoire2,6,Salle1
-0.455399456873415,Ancre3,Trajectoire2,7,Salle1
-0.547539952024211,Ancre3,Trajectoire2,8,Salle1
-0.508379272903171,Ancre3,Trajectoire2,9,Salle1
-0.556752855084246,Ancre3,Trajectoire2,10,Salle1
-0.360955264314711,Ancre3,Trajectoire2,11,Salle1
-0.434667050927603,Ancre3,Trajectoire2,12,Salle1
-0.496860834237267,Ancre3,Trajectoire2,13,Salle1
-0.420846801425385,Ancre3,Trajectoire2,14,Salle1
-0.572877817840613,Ancre3,Trajectoire2,15,Salle1
-0.436971667434491,Ancre3,Trajectoire2,16,Salle1
-0.521557735727614,Ancre4,Trajectoire2,1,Salle1
-0.496535991984195,Ancre4,Trajectoire2,2,Salle1
-0.550428978508483,Ancre4,Trajectoire2,3,Salle1
-0.463815250165877,Ancre4,Trajectoire2,4,Salle1
-0.390674768454342,Ancre4,Trajectoire2,5,Salle1
-0.440718255941181,Ancre4,Trajectoire2,6,Salle1
-0.488836993909296,Ancre4,Trajectoire2,7,Salle1
-0.490761743428021,Ancre4,Trajectoire2,8,Salle1
-0.365653024710922,Ancre4,Trajectoire2,9,Salle1
-0.483062745353123,Ancre4,Trajectoire2,10,Salle1
-0.463815250165876,Ancre4,Trajectoire2,11,Salle1
-0.367577774229647,Ancre4,Trajectoire2,12,Salle1
-0.367577774229647,Ancre4,Trajectoire2,13,Salle1
-0.236694806956374,Ancre4,Trajectoire2,14,Salle1
-0.363728275192198,Ancre4,Trajectoire2,15,Salle1
-0.440718255941181,Ancre4,Trajectoire2,16,Salle1
0,Ancre1,Trajectoire3,1,Salle1
0,Ancre1,Trajectoire3,2,Salle1
0,Ancre1,Trajectoire3,3,Salle1
0,Ancre1,Trajectoire3,4,Salle1
0,Ancre1,Trajectoire3,5,Salle1
0,Ancre1,Trajectoire3,6,Salle1
0,Ancre1,Trajectoire3,7,Salle1
0,Ancre1,Trajectoire3,8,Salle1
0,Ancre1,Trajectoire3,9,Salle1
0,Ancre1,Trajectoire3,10,Salle1
0,Ancre1,Trajectoire3,11,Salle1
0,Ancre1,Trajectoire3,12,Salle1
0,Ancre1,Trajectoire3,13,Salle1
0,Ancre1,Trajectoire3,14,Salle1
0,Ancre1,Trajectoire3,15,Salle1
0,Ancre1,Trajectoire3,16,Salle1
0,Ancre2,Trajectoire3,1,Salle1
0,Ancre2,Trajectoire3,2,Salle1
0,Ancre2,Trajectoire3,3,Salle1
0,Ancre2,Trajectoire3,4,Salle1
0,Ancre2,Trajectoire3,5,Salle1
0,Ancre2,Trajectoire3,6,Salle1
0,Ancre2,Trajectoire3,7,Salle1
0,Ancre2,Trajectoire3,8,Salle1
0,Ancre2,Trajectoire3,9,Salle1
0,Ancre2,Trajectoire3,10,Salle1
0,Ancre2,Trajectoire3,11,Salle1
0,Ancre2,Trajectoire3,12,Salle1
0,Ancre2,Trajectoire3,13,Salle1
0,Ancre2,Trajectoire3,14,Salle1
0,Ancre2,Trajectoire3,15,Salle1
0,Ancre2,Trajectoire3,16,Salle1
0,Ancre3,Trajectoire3,1,Salle1
0,Ancre3,Trajectoire3,2,Salle1
0,Ancre3,Trajectoire3,3,Salle1
0,Ancre3,Trajectoire3,4,Salle1
0,Ancre3,Trajectoire3,5,Salle1
0,Ancre3,Trajectoire3,6,Salle1
0,Ancre3,Trajectoire3,7,Salle1
0,Ancre3,Trajectoire3,8,Salle1
0,Ancre3,Trajectoire3,9,Salle1
0,Ancre3,Trajectoire3,10,Salle1
0,Ancre3,Trajectoire3,11,Salle1
0,Ancre3,Trajectoire3,12,Salle1
0,Ancre3,Trajectoire3,13,Salle1
0,Ancre3,Trajectoire3,14,Salle1
0,Ancre3,Trajectoire3,15,Salle1
0,Ancre3,Trajectoire3,16,Salle1
0,Ancre4,Trajectoire3,1,Salle1
0,Ancre4,Trajectoire3,2,Salle1
0,Ancre4,Trajectoire3,3,Salle1
0,Ancre4,Trajectoire3,4,Salle1
0,Ancre4,Trajectoire3,5,Salle1
0,Ancre4,Trajectoire3,6,Salle1
0,Ancre4,Trajectoire3,7,Salle1
0,Ancre4,Trajectoire3,8,Salle1
0,Ancre4,Trajectoire3,9,Salle1
0,Ancre4,Trajectoire3,10,Salle1
0,Ancre4,Trajectoire3,11,Salle1
0,Ancre4,Trajectoire3,12,Salle1
0,Ancre4,Trajectoire3,13,Salle1
0,Ancre4,Trajectoire3,14,Salle1
0,Ancre4,Trajectoire3,15,Salle1
0,Ancre4,Trajectoire3,16,Salle1
-0.346777844410506,Ancre1,Trajectoire4,1,Salle1
-0.288926274876142,Ancre1,Trajectoire4,2,Salle1
-0.319372860683216,Ancre1,Trajectoire4,3,Salle1
-0.301105599789138,Ancre1,Trajectoire4,4,Salle1
-0.395497765747383,Ancre1,Trajectoire4,5,Salle1
-0.313285628081008,Ancre1,Trajectoire4,6,Salle1
-0.328509880137554,Ancre1,Trajectoire4,7,Salle1
-0.346779187224719,Ancre1,Trajectoire4,8,Salle1
-0.267612040645427,Ancre1,Trajectoire4,9,Salle1
-0.27674637447134,Ancre1,Trajectoire4,10,Salle1
-0.322419770076319,Ancre1,Trajectoire4,11,Salle1
-0.322419258528047,Ancre1,Trajectoire4,12,Salle1
-0.276745671092466,Ancre1,Trajectoire4,13,Salle1
-0.319374651102167,Ancre1,Trajectoire4,14,Salle1
-0.27065556103123,Ancre1,Trajectoire4,15,Salle1
-0.319374906876302,Ancre1,Trajectoire4,16,Salle1
-0.704290117885651,Ancre2,Trajectoire4,1,Salle1
-0.667587242723491,Ancre2,Trajectoire4,2,Salle1
-0.659431048243011,Ancre2,Trajectoire4,3,Salle1
-0.647196756522292,Ancre2,Trajectoire4,4,Salle1
-0.630884367561332,Ancre2,Trajectoire4,5,Salle1
-0.557478617237013,Ancre2,Trajectoire4,6,Salle1
-0.467760477951734,Ancre2,Trajectoire4,7,Salle1
-0.610493881360132,Ancre2,Trajectoire4,8,Salle1
-0.484072866912694,Ancre2,Trajectoire4,9,Salle1
-0.422901408309094,Ancre2,Trajectoire4,10,Salle1
-0.353573755225015,Ancre2,Trajectoire4,11,Salle1
-0.345417560744535,Ancre2,Trajectoire4,12,Salle1
-0.198606060095897,Ancre2,Trajectoire4,13,Salle1
-0.133356504252058,Ancre2,Trajectoire4,14,Salle1
-0.223074643537337,Ancre2,Trajectoire4,15,Salle1
-0.431057602789574,Ancre2,Trajectoire4,16,Salle1
0.258688255858347,Ancre3,Trajectoire4,1,Salle1
0.171155203896994,Ancre3,Trajectoire4,2,Salle1
0.212619145063266,Ancre3,Trajectoire4,3,Salle1
0.125085125629303,Ancre3,Trajectoire4,4,Salle1
0.083621184463031,Ancre3,Trajectoire4,5,Salle1
0.157333890174904,Ancre3,Trajectoire4,6,Salle1
0.111262844434601,Ancre3,Trajectoire4,7,Salle1
0.120478021055273,Ancre3,Trajectoire4,8,Salle1
-0.022339318321831,Ancre3,Trajectoire4,9,Salle1
0.00990847875115837,Ancre3,Trajectoire4,10,Salle1
-0.109873337755794,Ancre3,Trajectoire4,11,Salle1
-0.0177325039895841,Ancre3,Trajectoire4,12,Salle1
-0.0361617930110551,Ancre3,Trajectoire4,13,Salle1
-0.0499809782934013,Ancre3,Trajectoire4,14,Salle1
-0.100661063552956,Ancre3,Trajectoire4,15,Salle1
-0.0914468544048956,Ancre3,Trajectoire4,16,Salle1
0.229094576574978,Ancre4,Trajectoire4,1,Salle1
0.236793574649876,Ancre4,Trajectoire4,2,Salle1
0.240643073687325,Ancre4,Trajectoire4,3,Salle1
0.202148083312833,Ancre4,Trajectoire4,4,Salle1
0.198298584275384,Ancre4,Trajectoire4,5,Salle1
0.221395578500079,Ancre4,Trajectoire4,6,Salle1
0.186750087163037,Ancre4,Trajectoire4,7,Salle1
0.194449085237935,Ancre4,Trajectoire4,8,Salle1
0.240643073687325,Ancre4,Trajectoire4,9,Salle1
0.175201590050689,Ancre4,Trajectoire4,10,Salle1
0.109760106414053,Ancre4,Trajectoire4,11,Salle1
0.0173721295152723,Ancre4,Trajectoire4,12,Salle1
0.0366196247025182,Ancre4,Trajectoire4,13,Salle1
-0.0172733618217705,Ancre4,Trajectoire4,14,Salle1
0.032770125665069,Ancre4,Trajectoire4,15,Salle1
-0.0018753656719737,Ancre4,Trajectoire4,16,Salle1
-0.342211700594093,Ancre1,Trajectoire5,1,Salle1
-0.380274025239109,Ancre1,Trajectoire5,2,Salle1
-0.441171768815935,Ancre1,Trajectoire5,3,Salle1
-0.412244577291006,Ancre1,Trajectoire5,4,Salle1
-0.425948220138262,Ancre1,Trajectoire5,5,Salle1
-0.412245280669879,Ancre1,Trajectoire5,6,Salle1
-0.424425117131147,Ancre1,Trajectoire5,7,Salle1
-0.352869425173023,Ancre1,Trajectoire5,8,Salle1
-0.384840648632026,Ancre1,Trajectoire5,9,Salle1
-0.362005069841381,Ancre1,Trajectoire5,10,Salle1
-0.281313445468995,Ancre1,Trajectoire5,11,Salle1
-0.380273098057866,Ancre1,Trajectoire5,12,Salle1
-0.310240349248021,Ancre1,Trajectoire5,13,Salle1
-0.304150590876222,Ancre1,Trajectoire5,14,Salle1
-0.267611401210088,Ancre1,Trajectoire5,15,Salle1
-0.273701063666586,Ancre1,Trajectoire5,16,Salle1
-0.504463353113893,Ancre2,Trajectoire5,1,Salle1
-0.486111915532814,Ancre2,Trajectoire5,2,Salle1
-0.467760477951734,Ancre2,Trajectoire5,3,Salle1
-0.508541450354133,Ancre2,Trajectoire5,4,Salle1
-0.433096651409694,Ancre2,Trajectoire5,5,Salle1
-0.335222317643935,Ancre2,Trajectoire5,6,Salle1
-0.514658596214493,Ancre2,Trajectoire5,7,Salle1
-0.477955721052334,Ancre2,Trajectoire5,8,Salle1
-0.292402296621416,Ancre2,Trajectoire5,9,Salle1
-0.257738470079376,Ancre2,Trajectoire5,10,Salle1
-0.384159484526815,Ancre2,Trajectoire5,11,Salle1
-0.359690901085375,Ancre2,Trajectoire5,12,Salle1
-0.341339463504295,Ancre2,Trajectoire5,13,Salle1
-0.318909928682976,Ancre2,Trajectoire5,14,Salle1
-0.343378512124415,Ancre2,Trajectoire5,15,Salle1
-0.274050859040336,Ancre2,Trajectoire5,16,Salle1
0.302455265575328,Ancre3,Trajectoire5,1,Salle1
0.293241056427268,Ancre3,Trajectoire5,2,Salle1
0.205706553256999,Ancre3,Trajectoire5,3,Salle1
0.25638373609872,Ancre3,Trajectoire5,4,Salle1
0.21722479842838,Ancre3,Trajectoire5,5,Salle1
0.23795628527521,Ancre3,Trajectoire5,6,Salle1
0.155030337887888,Ancre3,Trajectoire5,7,Salle1
0.159636958725613,Ancre3,Trajectoire5,8,Salle1
0.189582170984199,Ancre3,Trajectoire5,9,Salle1
0.21722479842838,Ancre3,Trajectoire5,10,Salle1
0.175762260097394,Ancre3,Trajectoire5,11,Salle1
0.0813185029013659,Ancre3,Trajectoire5,12,Salle1
0.0721048258632415,Ancre3,Trajectoire5,13,Salle1
0.0628891655062644,Ancre3,Trajectoire5,14,Salle1
0.138905423505152,Ancre3,Trajectoire5,15,Salle1
0.092835006622047,Ancre3,Trajectoire5,16,Salle1
0.435042775078509,Ancre4,Trajectoire5,1,Salle1
0.408096281816365,Ancre4,Trajectoire5,2,Salle1
0.398472534222742,Ancre4,Trajectoire5,3,Salle1
0.336880549623555,Ancre4,Trajectoire5,4,Salle1
0.336880549623555,Ancre4,Trajectoire5,5,Salle1
0.356128044810801,Ancre4,Trajectoire5,6,Salle1
0.327256802029932,Ancre4,Trajectoire5,7,Salle1
0.319557803955034,Ancre4,Trajectoire5,8,Salle1
0.315708304917585,Ancre4,Trajectoire5,9,Salle1
0.281062813580542,Ancre4,Trajectoire5,10,Salle1
0.286837062136716,Ancre4,Trajectoire5,11,Salle1
0.333031050586106,Ancre4,Trajectoire5,12,Salle1
0.290686561174165,Ancre4,Trajectoire5,13,Salle1
0.26374006791202,Ancre4,Trajectoire5,14,Salle1
0.227169827056253,Ancre4,Trajectoire5,15,Salle1
0.132857100638748,Ancre4,Trajectoire5,16,Salle1
-0.231071380278012,Ancre1,Trajectoire6,1,Salle1
-0.276745543205398,Ancre1,Trajectoire6,2,Salle1
-0.285880132805446,Ancre1,Trajectoire6,3,Salle1
-0.304150590876222,Ancre1,Trajectoire6,4,Salle1
-0.304151166368028,Ancre1,Trajectoire6,5,Salle1
-0.291971202019692,Ancre1,Trajectoire6,6,Salle1
-0.261521163261784,Ancre1,Trajectoire6,7,Salle1
-0.279790470348948,Ancre1,Trajectoire6,8,Salle1
-0.243250577303941,Ancre1,Trajectoire6,9,Salle1
-0.209756954216696,Ancre1,Trajectoire6,10,Salle1
-0.0544665011615858,Ancre1,Trajectoire6,11,Salle1
-0.215847639769737,Ancre1,Trajectoire6,12,Salle1
-0.206713817492097,Ancre1,Trajectoire6,13,Salle1
-0.316329276353879,Ancre1,Trajectoire6,14,Salle1
-0.328508601266875,Ancre1,Trajectoire6,15,Salle1
-0.285879301539505,Ancre1,Trajectoire6,16,Salle1
-0.361729949705495,Ancre2,Trajectoire6,1,Salle1
-0.337261366264055,Ancre2,Trajectoire6,2,Salle1
-0.320948977303096,Ancre2,Trajectoire6,3,Salle1
-0.451448088990774,Ancre2,Trajectoire6,4,Salle1
-0.524853839315093,Ancre2,Trajectoire6,5,Salle1
-0.471838575191974,Ancre2,Trajectoire6,6,Salle1
-0.435135700029814,Ancre2,Trajectoire6,7,Salle1
-0.537088131035813,Ancre2,Trajectoire6,8,Salle1
-0.573791006197972,Ancre2,Trajectoire6,9,Salle1
-0.683899631684451,Ancre2,Trajectoire6,10,Salle1
-0.716524409606371,Ancre2,Trajectoire6,11,Salle1
-0.708368215125891,Ancre2,Trajectoire6,12,Salle1
-0.73283679856733,Ancre2,Trajectoire6,13,Salle1
-0.708368215125891,Ancre2,Trajectoire6,14,Salle1
-0.74914918752829,Ancre2,Trajectoire6,15,Salle1
-0.830711132333089,Ancre2,Trajectoire6,16,Salle1
0.34161613819089,Ancre3,Trajectoire6,1,Salle1
0.43836049688247,Ancre3,Trajectoire6,2,Salle1
0.309366406172679,Ancre3,Trajectoire6,3,Salle1
0.346221307819699,Ancre3,Trajectoire6,4,Salle1
0.433755327253662,Ancre3,Trajectoire6,5,Salle1
0.475217333474712,Ancre3,Trajectoire6,6,Salle1
0.43836049688247,Ancre3,Trajectoire6,7,Salle1
0.37847103983791,Ancre3,Trajectoire6,8,Salle1
0.373862967791269,Ancre3,Trajectoire6,9,Salle1
0.323186752422159,Ancre3,Trajectoire6,10,Salle1
0.309364471227457,Ancre3,Trajectoire6,11,Salle1
0.323186752422159,Ancre3,Trajectoire6,12,Salle1
0.295544124977977,Ancre3,Trajectoire6,13,Salle1
0.290937987876558,Ancre3,Trajectoire6,14,Salle1
0.277115706681856,Ancre3,Trajectoire6,15,Salle1
0.226438523840135,Ancre3,Trajectoire6,16,Salle1
0.513957505346218,Ancre4,Trajectoire6,1,Salle1
0.517807004383667,Ancre4,Trajectoire6,2,Salle1
0.517807004383667,Ancre4,Trajectoire6,3,Salle1
0.521656503421116,Ancre4,Trajectoire6,4,Salle1
0.537054499570913,Ancre4,Trajectoire6,5,Salle1
0.487011012084073,Ancre4,Trajectoire6,6,Salle1
0.463914017859378,Ancre4,Trajectoire6,7,Salle1
0.444666522672132,Ancre4,Trajectoire6,8,Salle1
0.479312014009175,Ancre4,Trajectoire6,9,Salle1
0.429268526522336,Ancre4,Trajectoire6,10,Salle1
0.50625850727132,Ancre4,Trajectoire6,11,Salle1
0.40617153229764,Ancre4,Trajectoire6,12,Salle1
0.50240900823387,Ancre4,Trajectoire6,13,Salle1
0.436967524597234,Ancre4,Trajectoire6,14,Salle1
0.348429046735903,Ancre4,Trajectoire6,15,Salle1
0.340730048661004,Ancre4,Trajectoire6,16,Salle1
0.374358615384615,Ancre1,Trajectoire1,1,Salle2
0.401708730769231,Ancre1,Trajectoire1,2,Salle2
0.452990769230769,Ancre1,Trajectoire1,3,Salle2
0.410255538461538,Ancre1,Trajectoire1,4,Salle2
0.369230230769231,Ancre1,Trajectoire1,5,Salle2
0.417093538461539,Ancre1,Trajectoire1,6,Salle2
0.408547115384615,Ancre1,Trajectoire1,7,Salle2
0.495726269230769,Ancre1,Trajectoire1,8,Salle2
0.490598692307692,Ancre1,Trajectoire1,9,Salle2
0.478632846153846,Ancre1,Trajectoire1,10,Salle2
0.435897538461538,Ancre1,Trajectoire1,11,Salle2
0.487178846153846,Ancre1,Trajectoire1,12,Salle2
0.531623730769231,Ancre1,Trajectoire1,13,Salle2
0.483760423076923,Ancre1,Trajectoire1,14,Salle2
0.523077076923077,Ancre1,Trajectoire1,15,Salle2
0.480341961538462,Ancre1,Trajectoire1,16,Salle2
0.238658230769231,Ancre2,Trajectoire1,1,Salle2
0.167653076923077,Ancre2,Trajectoire1,2,Salle2
0.222880269230769,Ancre2,Trajectoire1,3,Salle2
0.203156192307692,Ancre2,Trajectoire1,4,Salle2
0.242603423076923,Ancre2,Trajectoire1,5,Salle2
0.360947115384615,Ancre2,Trajectoire1,6,Salle2
0.303747769230769,Ancre2,Trajectoire1,7,Salle2
0.325445269230769,Ancre2,Trajectoire1,8,Salle2
0.268245153846154,Ancre2,Trajectoire1,9,Salle2
0.284023923076923,Ancre2,Trajectoire1,10,Salle2
0.335305692307692,Ancre2,Trajectoire1,11,Salle2
0.272189423076923,Ancre2,Trajectoire1,12,Salle2
0.258383115384616,Ancre2,Trajectoire1,13,Salle2
0.207101538461539,Ancre2,Trajectoire1,14,Salle2
0.313610346153846,Ancre2,Trajectoire1,15,Salle2
0.228796076923077,Ancre2,Trajectoire1,16,Salle2
-0.575176153846154,Ancre3,Trajectoire1,1,Salle2
-0.559440846153846,Ancre3,Trajectoire1,2,Salle2
-0.61014,Ancre3,Trajectoire1,3,Salle2
-0.611888307692308,Ancre3,Trajectoire1,4,Salle2
-0.613636807692307,Ancre3,Trajectoire1,5,Salle2
-0.667831769230769,Ancre3,Trajectoire1,6,Salle2
-0.627622923076923,Ancre3,Trajectoire1,7,Salle2
-0.716784038461539,Ancre3,Trajectoire1,8,Salle2
-0.736015,Ancre3,Trajectoire1,9,Salle2
-0.683566730769231,Ancre3,Trajectoire1,10,Salle2
-0.666085192307692,Ancre3,Trajectoire1,11,Salle2
-0.694056923076923,Ancre3,Trajectoire1,12,Salle2
-0.648600961538461,Ancre3,Trajectoire1,13,Salle2
-0.687063615384615,Ancre3,Trajectoire1,14,Salle2
-0.659091884615385,Ancre3,Trajectoire1,15,Salle2
-0.666084230769231,Ancre3,Trajectoire1,16,Salle2
-0.402930769230769,Ancre4,Trajectoire1,1,Salle2
-0.375458038461539,Ancre4,Trajectoire1,2,Salle2
-0.382783884615385,Ancre4,Trajectoire1,3,Salle2
-0.4981685,Ancre4,Trajectoire1,4,Salle2
-0.439560038461539,Ancre4,Trajectoire1,5,Salle2
-0.492673769230769,Ancre4,Trajectoire1,6,Salle2
-0.423076730769231,Ancre4,Trajectoire1,7,Salle2
-0.424908961538462,Ancre4,Trajectoire1,8,Salle2
-0.463369923076923,Ancre4,Trajectoire1,9,Salle2
-0.523809153846154,Ancre4,Trajectoire1,10,Salle2
-0.510988769230769,Ancre4,Trajectoire1,11,Salle2
-0.558607615384615,Ancre4,Trajectoire1,12,Salle2
-0.492673538461539,Ancre4,Trajectoire1,13,Salle2
-0.501831576923077,Ancre4,Trajectoire1,14,Salle2
-0.521978038461539,Ancre4,Trajectoire1,15,Salle2
-0.48718,Ancre4,Trajectoire1,16,Salle2
0.241025076923077,Ancre1,Trajectoire2,1,Salle2
0.234187076923077,Ancre1,Trajectoire2,2,Salle2
0.288888461538462,Ancre1,Trajectoire2,3,Salle2
0.295726923076923,Ancre1,Trajectoire2,4,Salle2
0.299145384615385,Ancre1,Trajectoire2,5,Salle2
0.388033846153846,Ancre1,Trajectoire2,6,Salle2
0.350427692307692,Ancre1,Trajectoire2,7,Salle2
0.422222307692308,Ancre1,Trajectoire2,8,Salle2
0.411965692307692,Ancre1,Trajectoire2,9,Salle2
0.435897461538462,Ancre1,Trajectoire2,10,Salle2
0.473504384615385,Ancre1,Trajectoire2,11,Salle2
0.435897615384615,Ancre1,Trajectoire2,12,Salle2
0.466666923076923,Ancre1,Trajectoire2,13,Salle2
0.418803076923077,Ancre1,Trajectoire2,14,Salle2
0.381195923076923,Ancre1,Trajectoire2,15,Salle2
0.411965615384615,Ancre1,Trajectoire2,16,Salle2
0.104537461538462,Ancre2,Trajectoire2,1,Salle2
0.155818,Ancre2,Trajectoire2,2,Salle2
0.116371230769231,Ancre2,Trajectoire2,3,Salle2
0.0927029230769231,Ancre2,Trajectoire2,4,Salle2
0.183432076923077,Ancre2,Trajectoire2,5,Salle2
0.258381846153846,Ancre2,Trajectoire2,6,Salle2
0.167652769230769,Ancre2,Trajectoire2,7,Salle2
0.404340307692308,Ancre2,Trajectoire2,8,Salle2
0.341221846153846,Ancre2,Trajectoire2,9,Salle2
0.246549230769231,Ancre2,Trajectoire2,10,Salle2
0.384616461538462,Ancre2,Trajectoire2,11,Salle2
0.329388615384615,Ancre2,Trajectoire2,12,Salle2
0.39645,Ancre2,Trajectoire2,13,Salle2
0.333333076923077,Ancre2,Trajectoire2,14,Salle2
0.368836846153846,Ancre2,Trajectoire2,15,Salle2
0.333333769230769,Ancre2,Trajectoire2,16,Salle2
-0.744756153846154,Ancre3,Trajectoire2,1,Salle2
-0.674824615384616,Ancre3,Trajectoire2,2,Salle2
-0.590908846153846,Ancre3,Trajectoire2,3,Salle2
-0.611888384615385,Ancre3,Trajectoire2,4,Salle2
-0.685314615384615,Ancre3,Trajectoire2,5,Salle2
-0.580419230769231,Ancre3,Trajectoire2,6,Salle2
-0.604894538461539,Ancre3,Trajectoire2,7,Salle2
-0.664336153846154,Ancre3,Trajectoire2,8,Salle2
-0.664334615384615,Ancre3,Trajectoire2,9,Salle2
-0.62937,Ancre3,Trajectoire2,10,Salle2
-0.685315384615385,Ancre3,Trajectoire2,11,Salle2
-0.685314615384616,Ancre3,Trajectoire2,12,Salle2
-0.685315384615385,Ancre3,Trajectoire2,13,Salle2
-0.671328461538462,Ancre3,Trajectoire2,14,Salle2
-0.688810769230769,Ancre3,Trajectoire2,15,Salle2
-0.615385384615385,Ancre3,Trajectoire2,16,Salle2
-0.234431461538462,Ancre4,Trajectoire2,1,Salle2
-0.164833769230769,Ancre4,Trajectoire2,2,Salle2
-0.241757615384615,Ancre4,Trajectoire2,3,Salle2
-0.28205,Ancre4,Trajectoire2,4,Salle2
-0.300366923076923,Ancre4,Trajectoire2,5,Salle2
-0.263737076923077,Ancre4,Trajectoire2,6,Salle2
-0.315017846153846,Ancre4,Trajectoire2,7,Salle2
-0.391941538461539,Ancre4,Trajectoire2,8,Salle2
-0.51282,Ancre4,Trajectoire2,9,Salle2
-0.483515230769231,Ancre4,Trajectoire2,10,Salle2
-0.421244461538462,Ancre4,Trajectoire2,11,Salle2
-0.498167538461539,Ancre4,Trajectoire2,12,Salle2
-0.432233846153846,Ancre4,Trajectoire2,13,Salle2
-0.406592307692308,Ancre4,Trajectoire2,14,Salle2
-0.443223076923077,Ancre4,Trajectoire2,15,Salle2
-0.520146,Ancre4,Trajectoire2,16,Salle2
0.186323846153846,Ancre1,Trajectoire3,1,Salle2
0.182905923076923,Ancre1,Trajectoire3,2,Salle2
0.258118384615385,Ancre1,Trajectoire3,3,Salle2
0.179486923076923,Ancre1,Trajectoire3,4,Salle2
0.152136692307692,Ancre1,Trajectoire3,5,Salle2
0.158974076923077,Ancre1,Trajectoire3,6,Salle2
0.210256846153846,Ancre1,Trajectoire3,7,Salle2
0.261537923076923,Ancre1,Trajectoire3,8,Salle2
0.145297692307692,Ancre1,Trajectoire3,9,Salle2
0.141880769230769,Ancre1,Trajectoire3,10,Salle2
0.302564384615385,Ancre1,Trajectoire3,11,Salle2
0.254700769230769,Ancre1,Trajectoire3,12,Salle2
0.189742769230769,Ancre1,Trajectoire3,13,Salle2
0.162392615384615,Ancre1,Trajectoire3,14,Salle2
0.0837599230769231,Ancre1,Trajectoire3,15,Salle2
0.162392769230769,Ancre1,Trajectoire3,16,Salle2
0.506904538461539,Ancre2,Trajectoire3,1,Salle2
0.526628461538462,Ancre2,Trajectoire3,2,Salle2
0.479290769230769,Ancre2,Trajectoire3,3,Salle2
0.550296153846154,Ancre2,Trajectoire3,4,Salle2
0.641026923076923,Ancre2,Trajectoire3,5,Salle2
0.585799153846154,Ancre2,Trajectoire3,6,Salle2
0.609467692307693,Ancre2,Trajectoire3,7,Salle2
0.589743846153846,Ancre2,Trajectoire3,8,Salle2
0.47929,Ancre2,Trajectoire3,9,Salle2
0.435898230769231,Ancre2,Trajectoire3,10,Salle2
0.439842769230769,Ancre2,Trajectoire3,11,Salle2
0.396449769230769,Ancre2,Trajectoire3,12,Salle2
0.475345384615385,Ancre2,Trajectoire3,13,Salle2
0.570018692307692,Ancre2,Trajectoire3,14,Salle2
0.522683,Ancre2,Trajectoire3,15,Salle2
0.526627615384616,Ancre2,Trajectoire3,16,Salle2
-0.744756538461538,Ancre3,Trajectoire3,1,Salle2
-0.737763846153846,Ancre3,Trajectoire3,2,Salle2
-0.769231538461539,Ancre3,Trajectoire3,3,Salle2
-0.800699230769231,Ancre3,Trajectoire3,4,Salle2
-0.8007,Ancre3,Trajectoire3,5,Salle2
-0.786713846153846,Ancre3,Trajectoire3,6,Salle2
-0.902099230769231,Ancre3,Trajectoire3,7,Salle2
-0.849650769230769,Ancre3,Trajectoire3,8,Salle2
-0.884616923076923,Ancre3,Trajectoire3,9,Salle2
-0.863636923076923,Ancre3,Trajectoire3,10,Salle2
-0.919580769230769,Ancre3,Trajectoire3,11,Salle2
-0.853146923076923,Ancre3,Trajectoire3,12,Salle2
-0.874125384615385,Ancre3,Trajectoire3,13,Salle2
-0.923076923076923,Ancre3,Trajectoire3,14,Salle2
-0.807691538461538,Ancre3,Trajectoire3,15,Salle2
-0.86014,Ancre3,Trajectoire3,16,Salle2
-0.600733846153846,Ancre4,Trajectoire3,1,Salle2
-0.600733846153846,Ancre4,Trajectoire3,2,Salle2
-0.597070769230769,Ancre4,Trajectoire3,3,Salle2
-0.509158461538462,Ancre4,Trajectoire3,4,Salle2
-0.406593846153846,Ancre4,Trajectoire3,5,Salle2
-0.487180769230769,Ancre4,Trajectoire3,6,Salle2
-0.575091538461539,Ancre4,Trajectoire3,7,Salle2
-0.505495384615385,Ancre4,Trajectoire3,8,Salle2
-0.527473076923077,Ancre4,Trajectoire3,9,Salle2
-0.520146923076923,Ancre4,Trajectoire3,10,Salle2
-0.538461692307692,Ancre4,Trajectoire3,11,Salle2
-0.520146307692308,Ancre4,Trajectoire3,12,Salle2
-0.545787076923077,Ancre4,Trajectoire3,13,Salle2
-0.417582384615385,Ancre4,Trajectoire3,14,Salle2
-0.424908692307692,Ancre4,Trajectoire3,15,Salle2
-0.450548615384615,Ancre4,Trajectoire3,16,Salle2
-0.377777785714286,Ancre1,Trajectoire4,1,Salle2
-0.326984714285714,Ancre1,Trajectoire4,2,Salle2
-0.361904714285714,Ancre1,Trajectoire4,3,Salle2
-0.361904285714286,Ancre1,Trajectoire4,4,Salle2
-0.358728928571429,Ancre1,Trajectoire4,5,Salle2
-0.311110785714286,Ancre1,Trajectoire4,6,Salle2
-0.295237071428571,Ancre1,Trajectoire4,7,Salle2
-0.279364714285714,Ancre1,Trajectoire4,8,Salle2
-0.273015428571429,Ancre1,Trajectoire4,9,Salle2
-0.368254,Ancre1,Trajectoire4,10,Salle2
-0.326984357142857,Ancre1,Trajectoire4,11,Salle2
-0.257142285714286,Ancre1,Trajectoire4,12,Salle2
-0.260317285714286,Ancre1,Trajectoire4,13,Salle2
-0.253968642857143,Ancre1,Trajectoire4,14,Salle2
-0.384127,Ancre1,Trajectoire4,15,Salle2
-0.399999285714286,Ancre1,Trajectoire4,16,Salle2
-0.487180285714286,Ancre2,Trajectoire4,1,Salle2
-0.443223357142857,Ancre2,Trajectoire4,2,Salle2
-0.424908571428571,Ancre2,Trajectoire4,3,Salle2
-0.435897785714286,Ancre2,Trajectoire4,4,Salle2
-0.498170071428571,Ancre2,Trajectoire4,5,Salle2
-0.494504785714286,Ancre2,Trajectoire4,6,Salle2
-0.545786642857143,Ancre2,Trajectoire4,7,Salle2
-0.604395714285714,Ancre2,Trajectoire4,8,Salle2
-0.608058785714286,Ancre2,Trajectoire4,9,Salle2
-0.633699785714286,Ancre2,Trajectoire4,10,Salle2
-0.659341214285714,Ancre2,Trajectoire4,11,Salle2
-0.630037142857143,Ancre2,Trajectoire4,12,Salle2
-0.699634785714286,Ancre2,Trajectoire4,13,Salle2
-0.776557142857143,Ancre2,Trajectoire4,14,Salle2
-0.860807857142857,Ancre2,Trajectoire4,15,Salle2
-0.780218642857143,Ancre2,Trajectoire4,16,Salle2
0.159090142857143,Ancre3,Trajectoire4,1,Salle2
0.204545571428571,Ancre3,Trajectoire4,2,Salle2
0.165584214285714,Ancre3,Trajectoire4,3,Salle2
0.149349642857143,Ancre3,Trajectoire4,4,Salle2
0.178571928571429,Ancre3,Trajectoire4,5,Salle2
0.159091214285714,Ancre3,Trajectoire4,6,Salle2
0.159090642857143,Ancre3,Trajectoire4,7,Salle2
0.201297642857143,Ancre3,Trajectoire4,8,Salle2
0.178571357142857,Ancre3,Trajectoire4,9,Salle2
0.204544857142857,Ancre3,Trajectoire4,10,Salle2
0.269481285714286,Ancre3,Trajectoire4,11,Salle2
0.185065642857143,Ancre3,Trajectoire4,12,Salle2
0.214285142857143,Ancre3,Trajectoire4,13,Salle2
0.198052357142857,Ancre3,Trajectoire4,14,Salle2
0.181817071428571,Ancre3,Trajectoire4,15,Salle2
0.0876620714285714,Ancre3,Trajectoire4,16,Salle2
0.0544208571428572,Ancre4,Trajectoire4,1,Salle2
0.0136052857142857,Ancre4,Trajectoire4,2,Salle2
0.0544218571428571,Ancre4,Trajectoire4,3,Salle2
-0.0170067142857143,Ancre4,Trajectoire4,4,Salle2
0.0170065,Ancre4,Trajectoire4,5,Salle2
0.00680164285714286,Ancre4,Trajectoire4,6,Salle2
0.0170068571428571,Ancre4,Trajectoire4,7,Salle2
0.125850642857143,Ancre4,Trajectoire4,8,Salle2
0.0680277857142857,Ancre4,Trajectoire4,9,Salle2
0.0782318571428571,Ancre4,Trajectoire4,10,Salle2
0.0986395,Ancre4,Trajectoire4,11,Salle2
0.1326535,Ancre4,Trajectoire4,12,Salle2
0.0204077857142857,Ancre4,Trajectoire4,13,Salle2
0.0986392142857143,Ancre4,Trajectoire4,14,Salle2
0.0918363571428571,Ancre4,Trajectoire4,15,Salle2
0.122447642857143,Ancre4,Trajectoire4,16,Salle2
-0.340171615384615,Ancre1,Trajectoire5,1,Salle2
-0.235898461538462,Ancre1,Trajectoire5,2,Salle2
-0.347009384615385,Ancre1,Trajectoire5,3,Salle2
-0.3606845,Ancre1,Trajectoire5,4,Salle2
-0.358974615384615,Ancre1,Trajectoire5,5,Salle2
-0.382906307692308,Ancre1,Trajectoire5,6,Salle2
-0.417094153846154,Ancre1,Trajectoire5,7,Salle2
-0.415385153846154,Ancre1,Trajectoire5,8,Salle2
-0.391453192307692,Ancre1,Trajectoire5,9,Salle2
-0.430769230769231,Ancre1,Trajectoire5,10,Salle2
-0.376067769230769,Ancre1,Trajectoire5,11,Salle2
-0.391451692307692,Ancre1,Trajectoire5,12,Salle2
-0.328204307692308,Ancre1,Trajectoire5,13,Salle2
-0.294017076923077,Ancre1,Trajectoire5,14,Salle2
-0.336752730769231,Ancre1,Trajectoire5,15,Salle2
-0.381196576923077,Ancre1,Trajectoire5,16,Salle2
-0.583827269230769,Ancre2,Trajectoire5,1,Salle2
-0.548323423076923,Ancre2,Trajectoire5,2,Salle2
-0.558185730769231,Ancre2,Trajectoire5,3,Salle2
-0.694281576923077,Ancre2,Trajectoire5,4,Salle2
-0.658778192307692,Ancre2,Trajectoire5,5,Salle2
-0.664695769230769,Ancre2,Trajectoire5,6,Salle2
-0.731755769230769,Ancre2,Trajectoire5,7,Salle2
-0.642998846153846,Ancre2,Trajectoire5,8,Salle2
-0.737674230769231,Ancre2,Trajectoire5,9,Salle2
-0.704143076923077,Ancre2,Trajectoire5,10,Salle2
-0.698225,Ancre2,Trajectoire5,11,Salle2
-0.712032692307692,Ancre2,Trajectoire5,12,Salle2
-0.694280769230769,Ancre2,Trajectoire5,13,Salle2
-0.635109653846154,Ancre2,Trajectoire5,14,Salle2
-0.613413076923077,Ancre2,Trajectoire5,15,Salle2
-0.656805,Ancre2,Trajectoire5,16,Salle2
0.349651307692308,Ancre3,Trajectoire5,1,Salle2
0.396853346153846,Ancre3,Trajectoire5,2,Salle2
0.311189307692308,Ancre3,Trajectoire5,3,Salle2
0.435315076923077,Ancre3,Trajectoire5,4,Salle2
0.423077230769231,Ancre3,Trajectoire5,5,Salle2
0.382867653846154,Ancre3,Trajectoire5,6,Salle2
0.445804807692308,Ancre3,Trajectoire5,7,Salle2
0.354895807692308,Ancre3,Trajectoire5,8,Salle2
0.381119846153846,Ancre3,Trajectoire5,9,Salle2
0.396853769230769,Ancre3,Trajectoire5,10,Salle2
0.398601692307692,Ancre3,Trajectoire5,11,Salle2
0.445804192307692,Ancre3,Trajectoire5,12,Salle2
0.559441307692308,Ancre3,Trajectoire5,13,Salle2
0.526225038461539,Ancre3,Trajectoire5,14,Salle2
0.533217384615385,Ancre3,Trajectoire5,15,Salle2
0.508743038461538,Ancre3,Trajectoire5,16,Salle2
0.357142384615385,Ancre4,Trajectoire5,1,Salle2
0.326006923076923,Ancre4,Trajectoire5,2,Salle2
0.305861461538462,Ancre4,Trajectoire5,3,Salle2
0.349816807692308,Ancre4,Trajectoire5,4,Salle2
0.340659038461538,Ancre4,Trajectoire5,5,Salle2
0.340658807692308,Ancre4,Trajectoire5,6,Salle2
0.404761423076923,Ancre4,Trajectoire5,7,Salle2
0.446885269230769,Ancre4,Trajectoire5,8,Salle2
0.413918769230769,Ancre4,Trajectoire5,9,Salle2
0.402930269230769,Ancre4,Trajectoire5,10,Salle2
0.448717307692308,Ancre4,Trajectoire5,11,Salle2
0.463368846153846,Ancre4,Trajectoire5,12,Salle2
0.421243846153846,Ancre4,Trajectoire5,13,Salle2
0.468863076923077,Ancre4,Trajectoire5,14,Salle2
0.373625,Ancre4,Trajectoire5,15,Salle2
0.437728423076923,Ancre4,Trajectoire5,16,Salle2
-0.422222642857143,Ancre1,Trajectoire6,1,Salle2
-0.387301357142857,Ancre1,Trajectoire6,2,Salle2
-0.441269642857143,Ancre1,Trajectoire6,3,Salle2
-0.492063214285714,Ancre1,Trajectoire6,4,Salle2
-0.5015875,Ancre1,Trajectoire6,5,Salle2
-0.533334071428571,Ancre1,Trajectoire6,6,Salle2
-0.495239142857143,Ancre1,Trajectoire6,7,Salle2
-0.501587428571429,Ancre1,Trajectoire6,8,Salle2
-0.460318642857143,Ancre1,Trajectoire6,9,Salle2
-0.523811,Ancre1,Trajectoire6,10,Salle2
-0.577777857142857,Ancre1,Trajectoire6,11,Salle2
-0.561905,Ancre1,Trajectoire6,12,Salle2
-0.517460714285714,Ancre1,Trajectoire6,13,Salle2
-0.460318071428571,Ancre1,Trajectoire6,14,Salle2
-0.501586642857143,Ancre1,Trajectoire6,15,Salle2
-0.558730285714286,Ancre1,Trajectoire6,16,Salle2
-0.630037142857143,Ancre2,Trajectoire6,1,Salle2
-0.545789285714286,Ancre2,Trajectoire6,2,Salle2
-0.567765714285714,Ancre2,Trajectoire6,3,Salle2
-0.567765714285714,Ancre2,Trajectoire6,4,Salle2
-0.589743785714286,Ancre2,Trajectoire6,5,Salle2
-0.637363571428571,Ancre2,Trajectoire6,6,Salle2
-0.608059285714286,Ancre2,Trajectoire6,7,Salle2
-0.549450714285714,Ancre2,Trajectoire6,8,Salle2
-0.641026428571429,Ancre2,Trajectoire6,9,Salle2
-0.487179214285714,Ancre2,Trajectoire6,10,Salle2
-0.560440071428571,Ancre2,Trajectoire6,11,Salle2
-0.641026428571429,Ancre2,Trajectoire6,12,Salle2
-0.567763571428572,Ancre2,Trajectoire6,13,Salle2
-0.630037357142857,Ancre2,Trajectoire6,14,Salle2
-0.604396642857143,Ancre2,Trajectoire6,15,Salle2
-0.538461428571429,Ancre2,Trajectoire6,16,Salle2
0.149350642857143,Ancre3,Trajectoire6,1,Salle2
0.107142428571429,Ancre3,Trajectoire6,2,Salle2
0.139609785714286,Ancre3,Trajectoire6,3,Salle2
0.191559285714286,Ancre3,Trajectoire6,4,Salle2
0.0681815714285714,Ancre3,Trajectoire6,5,Salle2
0.165584642857143,Ancre3,Trajectoire6,6,Salle2
0.2402605,Ancre3,Trajectoire6,7,Salle2
0.198053,Ancre3,Trajectoire6,8,Salle2
0.129870642857143,Ancre3,Trajectoire6,9,Salle2
0.262987,Ancre3,Trajectoire6,10,Salle2
0.139610785714286,Ancre3,Trajectoire6,11,Salle2
0.217532928571429,Ancre3,Trajectoire6,12,Salle2
0.292208357142857,Ancre3,Trajectoire6,13,Salle2
0.347402428571429,Ancre3,Trajectoire6,14,Salle2
0.279220214285714,Ancre3,Trajectoire6,15,Salle2
0.292207,Ancre3,Trajectoire6,16,Salle2
0.625851428571429,Ancre4,Trajectoire6,1,Salle2
0.585032857142857,Ancre4,Trajectoire6,2,Salle2
0.588435,Ancre4,Trajectoire6,3,Salle2
0.547617857142857,Ancre4,Trajectoire6,4,Salle2
0.561223571428572,Ancre4,Trajectoire6,5,Salle2
0.588435,Ancre4,Trajectoire6,6,Salle2
0.513605,Ancre4,Trajectoire6,7,Salle2
0.534012857142857,Ancre4,Trajectoire6,8,Salle2
0.5034015,Ancre4,Trajectoire6,9,Salle2
0.530611428571429,Ancre4,Trajectoire6,10,Salle2
0.622447857142857,Ancre4,Trajectoire6,11,Salle2
0.588435714285714,Ancre4,Trajectoire6,12,Salle2
0.534013571428571,Ancre4,Trajectoire6,13,Salle2
0.517007142857143,Ancre4,Trajectoire6,14,Salle2
0.517005714285714,Ancre4,Trajectoire6,15,Salle2
0.4217685,Ancre4,Trajectoire6,16,Salle2
0.232323185185185,Ancre1,Trajectoire1,1,Salle3
0.247473074074074,Ancre1,Trajectoire1,2,Salle3
0.271043222222222,Ancre1,Trajectoire1,3,Salle3
0.346801518518519,Ancre1,Trajectoire1,4,Salle3
0.375420740740741,Ancre1,Trajectoire1,5,Salle3
0.311448222222222,Ancre1,Trajectoire1,6,Salle3
0.324916,Ancre1,Trajectoire1,7,Salle3
0.301347518518519,Ancre1,Trajectoire1,8,Salle3
0.340067703703704,Ancre1,Trajectoire1,9,Salle3
0.361953814814815,Ancre1,Trajectoire1,10,Salle3
0.338383888888889,Ancre1,Trajectoire1,11,Salle3
0.400674222222222,Ancre1,Trajectoire1,12,Salle3
0.429293777777778,Ancre1,Trajectoire1,13,Salle3
0.436027518518518,Ancre1,Trajectoire1,14,Salle3
0.424243185185185,Ancre1,Trajectoire1,15,Salle3
0.412457888888889,Ancre1,Trajectoire1,16,Salle3
0.000822518518518518,Ancre2,Trajectoire1,1,Salle3
-0.0139918148148148,Ancre2,Trajectoire1,2,Salle3
0.0814814074074074,Ancre2,Trajectoire1,3,Salle3
0.0288062962962963,Ancre2,Trajectoire1,4,Salle3
0.0847728518518518,Ancre2,Trajectoire1,5,Salle3
0.0485596666666667,Ancre2,Trajectoire1,6,Salle3
0.0436217407407407,Ancre2,Trajectoire1,7,Salle3
0.0699588888888889,Ancre2,Trajectoire1,8,Salle3
0.0304525185185185,Ancre2,Trajectoire1,9,Salle3
0.0683125185185185,Ancre2,Trajectoire1,10,Salle3
0.000823111111111113,Ancre2,Trajectoire1,11,Salle3
0.0864188888888889,Ancre2,Trajectoire1,12,Salle3
0.129218185185185,Ancre2,Trajectoire1,13,Salle3
0.0732501111111111,Ancre2,Trajectoire1,14,Salle3
0.117694851851852,Ancre2,Trajectoire1,15,Salle3
0.0962966296296296,Ancre2,Trajectoire1,16,Salle3
-0.446913740740741,Ancre3,Trajectoire1,1,Salle3
-0.527571740740741,Ancre3,Trajectoire1,2,Salle3
-0.532509851851852,Ancre3,Trajectoire1,3,Salle3
-0.529218407407408,Ancre3,Trajectoire1,4,Salle3
-0.57201562962963,Ancre3,Trajectoire1,5,Salle3
-0.516048407407407,Ancre3,Trajectoire1,6,Salle3
-0.572016296296296,Ancre3,Trajectoire1,7,Salle3
-0.669135814814815,Ancre3,Trajectoire1,8,Salle3
-0.616461,Ancre3,Trajectoire1,9,Salle3
-0.596707777777778,Ancre3,Trajectoire1,10,Salle3
-0.54897037037037,Ancre3,Trajectoire1,11,Salle3
-0.580247296296296,Ancre3,Trajectoire1,12,Salle3
-0.603291481481482,Ancre3,Trajectoire1,13,Salle3
-0.642797777777778,Ancre3,Trajectoire1,14,Salle3
-0.679011851851852,Ancre3,Trajectoire1,15,Salle3
-0.634567777777778,Ancre3,Trajectoire1,16,Salle3
-0.479904333333333,Ancre4,Trajectoire1,1,Salle3
-0.524033333333333,Ancre4,Trajectoire1,2,Salle3
-0.453111962962963,Ancre4,Trajectoire1,3,Salle3
-0.489361,Ancre4,Trajectoire1,4,Salle3
-0.519306037037037,Ancre4,Trajectoire1,5,Salle3
-0.478329,Ancre4,Trajectoire1,6,Salle3
-0.368005777777778,Ancre4,Trajectoire1,7,Salle3
-0.388494074074074,Ancre4,Trajectoire1,8,Salle3
-0.421591111111111,Ancre4,Trajectoire1,9,Salle3
-0.424743703703704,Ancre4,Trajectoire1,10,Salle3
-0.423167296296296,Ancre4,Trajectoire1,11,Salle3
-0.489360518518519,Ancre4,Trajectoire1,12,Salle3
-0.475176296296296,Ancre4,Trajectoire1,13,Salle3
-0.487784444444444,Ancre4,Trajectoire1,14,Salle3
-0.446807037037037,Ancre4,Trajectoire1,15,Salle3
-0.451535185185185,Ancre4,Trajectoire1,16,Salle3
0.178030166666667,Ancre1,Trajectoire2,1,Salle3
0.223485583333333,Ancre1,Trajectoire2,2,Salle3
0.212121333333333,Ancre1,Trajectoire2,3,Salle3
0.234848416666667,Ancre1,Trajectoire2,4,Salle3
0.147727833333333,Ancre1,Trajectoire2,5,Salle3
0.178030333333333,Ancre1,Trajectoire2,6,Salle3
0.215909583333333,Ancre1,Trajectoire2,7,Salle3
0.196969666666667,Ancre1,Trajectoire2,8,Salle3
0.227272666666667,Ancre1,Trajectoire2,9,Salle3
0.291667083333333,Ancre1,Trajectoire2,10,Salle3
0.329546166666667,Ancre1,Trajectoire2,11,Salle3
0.299242,Ancre1,Trajectoire2,12,Salle3
0.37878775,Ancre1,Trajectoire2,13,Salle3
0.356060166666667,Ancre1,Trajectoire2,14,Salle3
0.359848583333333,Ancre1,Trajectoire2,15,Salle3
0.405303916666667,Ancre1,Trajectoire2,16,Salle3
0.0629625833333333,Ancre2,Trajectoire2,1,Salle3
0.0777769166666667,Ancre2,Trajectoire2,2,Salle3
0.0703696666666667,Ancre2,Trajectoire2,3,Salle3
0.177776583333333,Ancre2,Trajectoire2,4,Salle3
0.0629633333333333,Ancre2,Trajectoire2,5,Salle3
0.13703725,Ancre2,Trajectoire2,6,Salle3
0.0888873333333333,Ancre2,Trajectoire2,7,Salle3
0.162961833333333,Ancre2,Trajectoire2,8,Salle3
0.177777666666667,Ancre2,Trajectoire2,9,Salle3
0.0185185,Ancre2,Trajectoire2,10,Salle3
0.118518333333333,Ancre2,Trajectoire2,11,Salle3
0.177776666666667,Ancre2,Trajectoire2,12,Salle3
0.200000083333333,Ancre2,Trajectoire2,13,Salle3
0.188888416666667,Ancre2,Trajectoire2,14,Salle3
0.0481484166666667,Ancre2,Trajectoire2,15,Salle3
0.092592,Ancre2,Trajectoire2,16,Salle3
-0.662964166666667,Ancre3,Trajectoire2,1,Salle3
-0.5518525,Ancre3,Trajectoire2,2,Salle3
-0.6518525,Ancre3,Trajectoire2,3,Salle3
-0.56296275,Ancre3,Trajectoire2,4,Salle3
-0.544443583333333,Ancre3,Trajectoire2,5,Salle3
-0.4925925,Ancre3,Trajectoire2,6,Salle3
-0.6370375,Ancre3,Trajectoire2,7,Salle3
-0.600000583333333,Ancre3,Trajectoire2,8,Salle3
-0.60740775,Ancre3,Trajectoire2,9,Salle3
-0.633332666666667,Ancre3,Trajectoire2,10,Salle3
-0.7222225,Ancre3,Trajectoire2,11,Salle3
-0.729629166666667,Ancre3,Trajectoire2,12,Salle3
-0.699998333333333,Ancre3,Trajectoire2,13,Salle3
-0.5777775,Ancre3,Trajectoire2,14,Salle3
-0.62962975,Ancre3,Trajectoire2,15,Salle3
-0.655555583333333,Ancre3,Trajectoire2,16,Salle3
-0.425530833333333,Ancre4,Trajectoire2,1,Salle3
-0.4609925,Ancre4,Trajectoire2,2,Salle3
-0.44326225,Ancre4,Trajectoire2,3,Salle3
-0.457446416666667,Ancre4,Trajectoire2,4,Salle3
-0.507091666666667,Ancre4,Trajectoire2,5,Salle3
-0.5567375,Ancre4,Trajectoire2,6,Salle3
-0.531915,Ancre4,Trajectoire2,7,Salle3
-0.585105833333333,Ancre4,Trajectoire2,8,Salle3
-0.574466666666667,Ancre4,Trajectoire2,9,Salle3
-0.499998333333333,Ancre4,Trajectoire2,10,Salle3
-0.47163,Ancre4,Trajectoire2,11,Salle3
-0.492906666666667,Ancre4,Trajectoire2,12,Salle3
-0.5106375,Ancre4,Trajectoire2,13,Salle3
-0.468084416666667,Ancre4,Trajectoire2,14,Salle3
-0.47872275,Ancre4,Trajectoire2,15,Salle3
-0.47872275,Ancre4,Trajectoire2,16,Salle3
0.31439325,Ancre1,Trajectoire3,1,Salle3
0.265151583333333,Ancre1,Trajectoire3,2,Salle3
0.306818333333333,Ancre1,Trajectoire3,3,Salle3
0.348485583333333,Ancre1,Trajectoire3,4,Salle3
0.37878825,Ancre1,Trajectoire3,5,Salle3
0.299243333333333,Ancre1,Trajectoire3,6,Salle3
0.325757583333333,Ancre1,Trajectoire3,7,Salle3
0.299242583333333,Ancre1,Trajectoire3,8,Salle3
0.215909666666667,Ancre1,Trajectoire3,9,Salle3
0.280303666666667,Ancre1,Trajectoire3,10,Salle3
0.276515416666667,Ancre1,Trajectoire3,11,Salle3
0.306818833333333,Ancre1,Trajectoire3,12,Salle3
0.227273333333333,Ancre1,Trajectoire3,13,Salle3
0.287879583333333,Ancre1,Trajectoire3,14,Salle3
0.30303075,Ancre1,Trajectoire3,15,Salle3
0.329547916666667,Ancre1,Trajectoire3,16,Salle3
0.2555545,Ancre2,Trajectoire3,1,Salle3
0.188889666666667,Ancre2,Trajectoire3,2,Salle3
0.240741,Ancre2,Trajectoire3,3,Salle3
0.303703,Ancre2,Trajectoire3,4,Salle3
0.392592833333333,Ancre2,Trajectoire3,5,Salle3
0.392592916666667,Ancre2,Trajectoire3,6,Salle3
0.348148083333333,Ancre2,Trajectoire3,7,Salle3
0.3666675,Ancre2,Trajectoire3,8,Salle3
0.399999166666667,Ancre2,Trajectoire3,9,Salle3
0.392592583333333,Ancre2,Trajectoire3,10,Salle3
0.248148916666667,Ancre2,Trajectoire3,11,Salle3
0.359258333333333,Ancre2,Trajectoire3,12,Salle3
0.396294833333333,Ancre2,Trajectoire3,13,Salle3
0.340740833333333,Ancre2,Trajectoire3,14,Salle3
0.325926083333333,Ancre2,Trajectoire3,15,Salle3
0.251851,Ancre2,Trajectoire3,16,Salle3
-0.670370333333333,Ancre3,Trajectoire3,1,Salle3
-0.69629625,Ancre3,Trajectoire3,2,Salle3
-0.711110833333333,Ancre3,Trajectoire3,3,Salle3
-0.751850833333333,Ancre3,Trajectoire3,4,Salle3
-0.685186666666667,Ancre3,Trajectoire3,5,Salle3
-0.692593333333333,Ancre3,Trajectoire3,6,Salle3
-0.72963,Ancre3,Trajectoire3,7,Salle3
-0.8481475,Ancre3,Trajectoire3,8,Salle3
-0.7444425,Ancre3,Trajectoire3,9,Salle3
-0.7666675,Ancre3,Trajectoire3,10,Salle3
-0.7666675,Ancre3,Trajectoire3,11,Salle3
-0.703704166666667,Ancre3,Trajectoire3,12,Salle3
-0.8222225,Ancre3,Trajectoire3,13,Salle3
-0.759259166666667,Ancre3,Trajectoire3,14,Salle3
-0.733334166666667,Ancre3,Trajectoire3,15,Salle3
-0.77037,Ancre3,Trajectoire3,16,Salle3
-0.407800833333333,Ancre4,Trajectoire3,1,Salle3
-0.43617,Ancre4,Trajectoire3,2,Salle3
-0.436171083333333,Ancre4,Trajectoire3,3,Salle3
-0.439715833333333,Ancre4,Trajectoire3,4,Salle3
-0.507091666666667,Ancre4,Trajectoire3,5,Salle3
-0.514183333333333,Ancre4,Trajectoire3,6,Salle3
-0.4964525,Ancre4,Trajectoire3,7,Salle3
-0.521275833333333,Ancre4,Trajectoire3,8,Salle3
-0.4822675,Ancre4,Trajectoire3,9,Salle3
-0.535459166666667,Ancre4,Trajectoire3,10,Salle3
-0.542551666666667,Ancre4,Trajectoire3,11,Salle3
-0.556736666666667,Ancre4,Trajectoire3,12,Salle3
-0.5602825,Ancre4,Trajectoire3,13,Salle3
-0.53546,Ancre4,Trajectoire3,14,Salle3
-0.58156,Ancre4,Trajectoire3,15,Salle3
-0.595744166666667,Ancre4,Trajectoire3,16,Salle3
-0.356643153846154,Ancre1,Trajectoire4,1,Salle3
-0.339162,Ancre1,Trajectoire4,2,Salle3
-0.524475384615385,Ancre1,Trajectoire4,3,Salle3
-0.576922615384615,Ancre1,Trajectoire4,4,Salle3
-0.527971538461538,Ancre1,Trajectoire4,5,Salle3
-0.527972384615385,Ancre1,Trajectoire4,6,Salle3
-0.419579692307692,Ancre1,Trajectoire4,7,Salle3
-0.517482692307692,Ancre1,Trajectoire4,8,Salle3
-0.580419384615384,Ancre1,Trajectoire4,9,Salle3
-0.545453615384615,Ancre1,Trajectoire4,10,Salle3
-0.590909692307692,Ancre1,Trajectoire4,11,Salle3
-0.594406538461539,Ancre1,Trajectoire4,12,Salle3
-0.59091,Ancre1,Trajectoire4,13,Salle3
-0.608391153846154,Ancre1,Trajectoire4,14,Salle3
-0.583917307692308,Ancre1,Trajectoire4,15,Salle3
-0.594407307692308,Ancre1,Trajectoire4,16,Salle3
-0.514530615384615,Ancre2,Trajectoire4,1,Salle3
-0.483761230769231,Ancre2,Trajectoire4,2,Salle3
-0.617094076923077,Ancre2,Trajectoire4,3,Salle3
-0.644444076923077,Ancre2,Trajectoire4,4,Salle3
-0.685470769230769,Ancre2,Trajectoire4,5,Salle3
-0.723078461538462,Ancre2,Trajectoire4,6,Salle3
-0.617093538461539,Ancre2,Trajectoire4,7,Salle3
-0.736753076923077,Ancre2,Trajectoire4,8,Salle3
-0.709402307692308,Ancre2,Trajectoire4,9,Salle3
-0.695725384615385,Ancre2,Trajectoire4,10,Salle3
-0.770940769230769,Ancre2,Trajectoire4,11,Salle3
-0.760684615384615,Ancre2,Trajectoire4,12,Salle3
-0.641026153846154,Ancre2,Trajectoire4,13,Salle3
-0.675213846153846,Ancre2,Trajectoire4,14,Salle3
-0.794872307692308,Ancre2,Trajectoire4,15,Salle3
-0.791453846153846,Ancre2,Trajectoire4,16,Salle3
0.350426461538462,Ancre3,Trajectoire4,1,Salle3
0.340170307692308,Ancre3,Trajectoire4,2,Salle3
0.288889,Ancre3,Trajectoire4,3,Salle3
0.347008076923077,Ancre3,Trajectoire4,4,Salle3
0.336752230769231,Ancre3,Trajectoire4,5,Salle3
0.446153384615385,Ancre3,Trajectoire4,6,Salle3
0.48376,Ancre3,Trajectoire4,7,Salle3
0.394870615384615,Ancre3,Trajectoire4,8,Salle3
0.446153615384615,Ancre3,Trajectoire4,9,Salle3
0.521366923076923,Ancre3,Trajectoire4,10,Salle3
0.435897461538461,Ancre3,Trajectoire4,11,Salle3
0.405128,Ancre3,Trajectoire4,12,Salle3
0.476923615384615,Ancre3,Trajectoire4,13,Salle3
0.497436923076923,Ancre3,Trajectoire4,14,Salle3
0.439314615384616,Ancre3,Trajectoire4,15,Salle3
0.364101307692308,Ancre3,Trajectoire4,16,Salle3
0.0441905384615385,Ancre4,Trajectoire4,1,Salle3
-0.0245494615384615,Ancre4,Trajectoire4,2,Salle3
-0.0474625384615385,Ancre4,Trajectoire4,3,Salle3
0.0245508461538461,Ancre4,Trajectoire4,4,Salle3
0.0114585384615385,Ancre4,Trajectoire4,5,Salle3
0.0147313076923077,Ancre4,Trajectoire4,6,Salle3
-0.00818207692307693,Ancre4,Trajectoire4,7,Salle3
0.0114582307692308,Ancre4,Trajectoire4,8,Salle3
0.0572859230769231,Ancre4,Trajectoire4,9,Salle3
0.0932918461538462,Ancre4,Trajectoire4,10,Salle3
0.073652076923077,Ancre4,Trajectoire4,11,Salle3
0.0441916153846154,Ancre4,Trajectoire4,12,Salle3
0.106385461538462,Ancre4,Trajectoire4,13,Salle3
0.0834713846153846,Ancre4,Trajectoire4,14,Salle3
0.00491207692307694,Ancre4,Trajectoire4,15,Salle3
0.0572851538461539,Ancre4,Trajectoire4,16,Salle3
-0.356903333333333,Ancre1,Trajectoire5,1,Salle3
-0.378789074074074,Ancre1,Trajectoire5,2,Salle3
-0.360270185185185,Ancre1,Trajectoire5,3,Salle3
-0.392256296296296,Ancre1,Trajectoire5,4,Salle3
-0.407408148148148,Ancre1,Trajectoire5,5,Salle3
-0.452863296296296,Ancre1,Trajectoire5,6,Salle3
-0.471381481481482,Ancre1,Trajectoire5,7,Salle3
-0.451179444444445,Ancre1,Trajectoire5,8,Salle3
-0.457913111111111,Ancre1,Trajectoire5,9,Salle3
-0.478115333333333,Ancre1,Trajectoire5,10,Salle3
-0.486532296296296,Ancre1,Trajectoire5,11,Salle3
-0.479798703703704,Ancre1,Trajectoire5,12,Salle3
-0.468013925925926,Ancre1,Trajectoire5,13,Salle3
-0.424242592592593,Ancre1,Trajectoire5,14,Salle3
-0.491582925925926,Ancre1,Trajectoire5,15,Salle3
-0.468013851851852,Ancre1,Trajectoire5,16,Salle3
-0.616461111111111,Ancre2,Trajectoire5,1,Salle3
-0.50781962962963,Ancre2,Trajectoire5,2,Salle3
-0.547325814814815,Ancre2,Trajectoire5,3,Salle3
-0.600000444444444,Ancre2,Trajectoire5,4,Salle3
-0.550617777777778,Ancre2,Trajectoire5,5,Salle3
-0.534157148148148,Ancre2,Trajectoire5,6,Salle3
-0.552264074074074,Ancre2,Trajectoire5,7,Salle3
-0.507818518518518,Ancre2,Trajectoire5,8,Salle3
-0.593415925925926,Ancre2,Trajectoire5,9,Salle3
-0.558848037037037,Ancre2,Trajectoire5,10,Salle3
-0.62963037037037,Ancre2,Trajectoire5,11,Salle3
-0.606584814814815,Ancre2,Trajectoire5,12,Salle3
-0.557202962962963,Ancre2,Trajectoire5,13,Salle3
-0.580247037037037,Ancre2,Trajectoire5,14,Salle3
-0.578600370370371,Ancre2,Trajectoire5,15,Salle3
-0.583540370370371,Ancre2,Trajectoire5,16,Salle3
0.369546777777778,Ancre3,Trajectoire5,1,Salle3
0.366254851851852,Ancre3,Trajectoire5,2,Salle3
0.354731444444445,Ancre3,Trajectoire5,3,Salle3
0.351440222222222,Ancre3,Trajectoire5,4,Salle3
0.318518407407407,Ancre3,Trajectoire5,5,Salle3
0.339917444444444,Ancre3,Trajectoire5,6,Salle3
0.423867518518519,Ancre3,Trajectoire5,7,Salle3
0.382716296296296,Ancre3,Trajectoire5,8,Salle3
0.400822185185185,Ancre3,Trajectoire5,9,Salle3
0.448559222222222,Ancre3,Trajectoire5,10,Salle3
0.384362777777778,Ancre3,Trajectoire5,11,Salle3
0.479834962962963,Ancre3,Trajectoire5,12,Salle3
0.441974814814815,Ancre3,Trajectoire5,13,Salle3
0.440328962962963,Ancre3,Trajectoire5,14,Salle3
0.43045237037037,Ancre3,Trajectoire5,15,Salle3
0.522633740740741,Ancre3,Trajectoire5,16,Salle3
0.292358,Ancre4,Trajectoire5,1,Salle3
0.308118518518519,Ancre4,Trajectoire5,2,Salle3
0.309693111111111,Ancre4,Trajectoire5,3,Salle3
0.256108148148148,Ancre4,Trajectoire5,4,Salle3
0.248227407407407,Ancre4,Trajectoire5,5,Salle3
0.230892111111111,Ancre4,Trajectoire5,6,Salle3
0.248227925925926,Ancre4,Trajectoire5,7,Salle3
0.218282592592593,Ancre4,Trajectoire5,8,Salle3
0.278171851851852,Ancre4,Trajectoire5,9,Salle3
0.320725962962963,Ancre4,Trajectoire5,10,Salle3
0.383766925925926,Ancre4,Trajectoire5,11,Salle3
0.257683222222222,Ancre4,Trajectoire5,12,Salle3
0.268715074074074,Ancre4,Trajectoire5,13,Salle3
0.241921518518519,Ancre4,Trajectoire5,14,Salle3
0.347517185185185,Ancre4,Trajectoire5,15,Salle3
0.304964333333333,Ancre4,Trajectoire5,16,Salle3
-0.304195769230769,Ancre1,Trajectoire6,1,Salle3
-0.374126153846154,Ancre1,Trajectoire6,2,Salle3
-0.43007,Ancre1,Trajectoire6,3,Salle3
-0.37063,Ancre1,Trajectoire6,4,Salle3
-0.388113076923077,Ancre1,Trajectoire6,5,Salle3
-0.314686,Ancre1,Trajectoire6,6,Salle3
-0.297202461538462,Ancre1,Trajectoire6,7,Salle3
-0.314684923076923,Ancre1,Trajectoire6,8,Salle3
-0.402098076923077,Ancre1,Trajectoire6,9,Salle3
-0.41958,Ancre1,Trajectoire6,10,Salle3
-0.405594615384615,Ancre1,Trajectoire6,11,Salle3
-0.440560769230769,Ancre1,Trajectoire6,12,Salle3
-0.402098461538462,Ancre1,Trajectoire6,13,Salle3
-0.426573076923077,Ancre1,Trajectoire6,14,Salle3
-0.405593461538462,Ancre1,Trajectoire6,15,Salle3
-0.391608846153846,Ancre1,Trajectoire6,16,Salle3
-0.569230769230769,Ancre2,Trajectoire6,1,Salle3
-0.596582307692308,Ancre2,Trajectoire6,2,Salle3
-0.528206153846154,Ancre2,Trajectoire6,3,Salle3
-0.459828461538462,Ancre2,Trajectoire6,4,Salle3
-0.514530769230769,Ancre2,Trajectoire6,5,Salle3
-0.442735384615385,Ancre2,Trajectoire6,6,Salle3
-0.552136923076923,Ancre2,Trajectoire6,7,Salle3
-0.480342307692308,Ancre2,Trajectoire6,8,Salle3
-0.480343076923077,Ancre2,Trajectoire6,9,Salle3
-0.524787692307692,Ancre2,Trajectoire6,10,Salle3
-0.668376153846154,Ancre2,Trajectoire6,11,Salle3
-0.552136923076923,Ancre2,Trajectoire6,12,Salle3
-0.5453,Ancre2,Trajectoire6,13,Salle3
-0.535043076923077,Ancre2,Trajectoire6,14,Salle3
-0.500854615384615,Ancre2,Trajectoire6,15,Salle3
-0.483760769230769,Ancre2,Trajectoire6,16,Salle3
0.292307230769231,Ancre3,Trajectoire6,1,Salle3
0.251280923076923,Ancre3,Trajectoire6,2,Salle3
0.268375615384615,Ancre3,Trajectoire6,3,Salle3
0.261538230769231,Ancre3,Trajectoire6,4,Salle3
0.319658538461538,Ancre3,Trajectoire6,5,Salle3
0.381196076923077,Ancre3,Trajectoire6,6,Salle3
0.398291846153846,Ancre3,Trajectoire6,7,Salle3
0.405126461538462,Ancre3,Trajectoire6,8,Salle3
0.429058769230769,Ancre3,Trajectoire6,9,Salle3
0.422221538461538,Ancre3,Trajectoire6,10,Salle3
0.442733615384615,Ancre3,Trajectoire6,11,Salle3
0.449572230769231,Ancre3,Trajectoire6,12,Salle3
0.466665,Ancre3,Trajectoire6,13,Salle3
0.470082538461539,Ancre3,Trajectoire6,14,Salle3
0.411965153846154,Ancre3,Trajectoire6,15,Salle3
0.394872076923077,Ancre3,Trajectoire6,16,Salle3
0.443533846153846,Ancre4,Trajectoire6,1,Salle3
0.482813846153846,Ancre4,Trajectoire6,2,Salle3
0.495907692307692,Ancre4,Trajectoire6,3,Salle3
0.509,Ancre4,Trajectoire6,4,Salle3
0.515546153846154,Ancre4,Trajectoire6,5,Salle3
0.531912307692308,Ancre4,Trajectoire6,6,Salle3
0.538458461538462,Ancre4,Trajectoire6,7,Salle3
0.531913076923077,Ancre4,Trajectoire6,8,Salle3
0.535186153846154,Ancre4,Trajectoire6,9,Salle3
0.597378461538462,Ancre4,Trajectoire6,10,Salle3
0.577739230769231,Ancre4,Trajectoire6,11,Salle3
0.515546692307692,Ancre4,Trajectoire6,12,Salle3
0.528639769230769,Ancre4,Trajectoire6,13,Salle3
0.443533615384615,Ancre4,Trajectoire6,14,Salle3
0.319146692307692,Ancre4,Trajectoire6,15,Salle3
0.328966692307692,Ancre4,Trajectoire6,16,Salle3
