[
  { "nodeid": 0, "depth": 0, "split": 1, "split_condition": -0.144114, "yes": 1, "no": 2, "missing": 1, "gain": 19.3404, "cover": 28.8889, "children": [
    { "nodeid": 1, "depth": 1, "split": 0, "split_condition": 0.279121, "yes": 3, "no": 4, "missing": 3, "gain": 0.714443, "cover": 14.7222, "children": [
      { "nodeid": 3, "leaf": -0.0558935, "cover": 13.6111 },
      { "nodeid": 4, "leaf": 0.0157895, "cover": 1.11111 }
    ]},
    { "nodeid": 2, "depth": 1, "split": 6, "split_condition": -0.488309, "yes": 5, "no": 6, "missing": 5, "gain": 14.0789, "cover": 14.1667, "children": [
      { "nodeid": 5, "depth": 2, "split": 8, "split_condition": 0.210917, "yes": 7, "no": 8, "missing": 7, "gain": 3.40946, "cover": 6.66667, "children": [
        { "nodeid": 7, "depth": 3, "split": 0, "split_condition": 0.136491, "yes": 11, "no": 12, "missing": 11, "gain": 0.528246, "cover": 5.55556, "children": [
          { "nodeid": 11, "leaf": 0.0157895, "cover": 1.11111 },
          { "nodeid": 12, "leaf": -0.0489796, "cover": 4.44444 }
        ]},
        { "nodeid": 8, "leaf": 0.110526, "cover": 1.11111 }
      ]},
      { "nodeid": 6, "depth": 2, "split": 10, "split_condition": 0.0248627, "yes": 9, "no": 10, "missing": 9, "gain": 10.5113, "cover": 7.5, "children": [
        { "nodeid": 9, "leaf": 0.24375, "cover": 6.11111 },
        { "nodeid": 10, "leaf": -0.0348837, "cover": 1.38889 }
      ]}
    ]}
  ]},
  { "nodeid": 0, "depth": 0, "split": 6, "split_condition": -0.494511, "yes": 1, "no": 2, "missing": 1, "gain": 49.6029, "cover": 28.8889, "children": [
    { "nodeid": 1, "depth": 1, "split": 8, "split_condition": 0.212847, "yes": 3, "no": 4, "missing": 3, "gain": 6.79861, "cover": 8.61111, "children": [
      { "nodeid": 3, "leaf": 0.251351, "cover": 7.22222 },
      { "nodeid": 4, "leaf": 0.00697674, "cover": 1.38889 }
    ]},
    { "nodeid": 2, "leaf": -0.0571802, "cover": 20.2778 }
  ]},
  { "nodeid": 0, "leaf": -0.0579926, "cover": 28.8889 },
  { "nodeid": 0, "depth": 0, "split": 12, "split_condition": 0.21429, "yes": 1, "no": 2, "missing": 1, "gain": 5.12897, "cover": 28.8889, "children": [
    { "nodeid": 1, "depth": 1, "split": 3, "split_condition": -0.461988, "yes": 3, "no": 4, "missing": 3, "gain": 3.43527, "cover": 19.7222, "children": [
      { "nodeid": 3, "leaf": 0.0622641, "cover": 1.94444 },
      { "nodeid": 4, "leaf": -0.0568047, "cover": 17.7778 }
    ]},
    { "nodeid": 2, "depth": 1, "split": 1, "split_condition": -0.361316, "yes": 5, "no": 6, "missing": 5, "gain": 9.08073, "cover": 9.16667, "children": [
      { "nodeid": 5, "depth": 2, "split": 5, "split_condition": 0.51263, "yes": 7, "no": 8, "missing": 7, "gain": 1.98456, "cover": 6.38889, "children": [
        { "nodeid": 7, "leaf": -0.0504425, "cover": 5.27778 },
        { "nodeid": 8, "leaf": 0.0631579, "cover": 1.11111 }
      ]},
      { "nodeid": 6, "leaf": 0.167647, "cover": 2.77778 }
    ]}
  ]},
  { "nodeid": 0, "depth": 0, "split": 6, "split_condition": -0.144958, "yes": 1, "no": 2, "missing": 1, "gain": 21.8035, "cover": 28.8889, "children": [
    { "nodeid": 1, "leaf": -0.0561151, "cover": 14.4444 },
    { "nodeid": 2, "depth": 1, "split": 10, "split_condition": 0.991599, "yes": 3, "no": 4, "missing": 3, "gain": 7.45143, "cover": 14.4444, "children": [
      { "nodeid": 3, "depth": 2, "split": 1, "split_condition": -0.189696, "yes": 5, "no": 6, "missing": 5, "gain": 7.31784, "cover": 12.2222, "children": [
        { "nodeid": 5, "depth": 3, "split": 3, "split_condition": 0.199237, "yes": 7, "no": 8, "missing": 7, "gain": 2.83348, "cover": 9.16667, "children": [
          { "nodeid": 7, "depth": 4, "split": 7, "split_condition": 0.370213, "yes": 11, "no": 12, "missing": 11, "gain": 3.63931, "cover": 8.05556, "children": [
            { "nodeid": 11, "leaf": 0.224476, "cover": 6.94444 },
            { "nodeid": 12, "leaf": 0.0157895, "cover": 1.11111 }
          ]},
          { "nodeid": 8, "leaf": 0.0157895, "cover": 1.11111 }
        ]},
        { "nodeid": 6, "depth": 3, "split": 0, "split_condition": 0.217163, "yes": 9, "no": 10, "missing": 9, "gain": 0.658848, "cover": 3.05556, "children": [
          { "nodeid": 9, "leaf": 0.0375, "cover": 1.66667 },
          { "nodeid": 10, "leaf": -0.0348837, "cover": 1.38889 }
        ]}
      ]},
      { "nodeid": 4, "leaf": -0.0413793, "cover": 2.22222 }
    ]}
  ]},
  { "nodeid": 0, "depth": 0, "split": 10, "split_condition": 1.02746, "yes": 1, "no": 2, "missing": 1, "gain": 20.5557, "cover": 28.8889, "children": [
    { "nodeid": 1, "depth": 1, "split": 10, "split_condition": 0.209367, "yes": 3, "no": 4, "missing": 3, "gain": 2.76964, "cover": 26.3889, "children": [
      { "nodeid": 3, "leaf": -0.057385, "cover": 21.9444 },
      { "nodeid": 4, "depth": 2, "split": 0, "split_condition": 0.239089, "yes": 5, "no": 6, "missing": 5, "gain": 2.48319, "cover": 4.44444, "children": [
        { "nodeid": 5, "depth": 3, "split": 0, "split_condition": 0.204181, "yes": 7, "no": 8, "missing": 7, "gain": 0.373586, "cover": 3.33333, "children": [
          { "nodeid": 7, "leaf": -0.0413793, "cover": 2.22222 },
          { "nodeid": 8, "leaf": 0.0157895, "cover": 1.11111 }
        ]},
        { "nodeid": 6, "leaf": 0.110526, "cover": 1.11111 }
      ]}
    ]},
    { "nodeid": 2, "leaf": 0.214286, "cover": 2.5 }
  ]}
]
