[
  { "nodeid": 0, "depth": 0, "split": 12, "split_condition": -0.0909075, "yes": 1, "no": 2, "missing": 1, "gain": 29.155, "cover": 25.8333, "children": [
    { "nodeid": 1, "depth": 1, "split": 6, "split_condition": -0.393751, "yes": 3, "no": 4, "missing": 3, "gain": 16.2837, "cover": 11.6667, "children": [
      { "nodeid": 3, "depth": 2, "split": 11, "split_condition": -0.102565, "yes": 5, "no": 6, "missing": 5, "gain": 1.62249, "cover": 4.16667, "children": [
        { "nodeid": 5, "leaf": 0.0631579, "cover": 1.11111 },
        { "nodeid": 6, "leaf": -0.0452055, "cover": 3.05556 }
      ]},
      { "nodeid": 4, "depth": 2, "split": 2, "split_condition": 0.229186, "yes": 7, "no": 8, "missing": 7, "gain": 5.03538, "cover": 7.5, "children": [
        { "nodeid": 7, "leaf": 0.259398, "cover": 6.38889 },
        { "nodeid": 8, "leaf": 0.0157895, "cover": 1.11111 }
      ]}
    ]},
    { "nodeid": 2, "leaf": -0.056044, "cover": 14.1667 }
  ]},
  { "nodeid": 0, "depth": 0, "split": 6, "split_condition": -0.393751, "yes": 1, "no": 2, "missing": 1, "gain": 23.5878, "cover": 25.8333, "children": [
    { "nodeid": 1, "depth": 1, "split": 11, "split_condition": -0.102565, "yes": 3, "no": 4, "missing": 3, "gain": 3.30407, "cover": 4.16667, "children": [
      { "nodeid": 3, "leaf": 0.0157895, "cover": 1.11111 },
      { "nodeid": 4, "leaf": 0.226027, "cover": 3.05556 }
    ]},
    { "nodeid": 2, "depth": 1, "split": 2, "split_condition": 0.247433, "yes": 5, "no": 6, "missing": 5, "gain": 0.756391, "cover": 21.6667, "children": [
      { "nodeid": 5, "leaf": -0.0572165, "cover": 20.5556 },
      { "nodeid": 6, "leaf": 0.0157895, "cover": 1.11111 }
    ]}
  ]},
  { "nodeid": 0, "leaf": -0.057764, "cover": 25.8333 },
  { "nodeid": 0, "depth": 0, "split": 6, "split_condition": 0.0102513, "yes": 1, "no": 2, "missing": 1, "gain": 21.6891, "cover": 25.8333, "children": [
    { "nodeid": 1, "leaf": -0.0571046, "cover": 19.7222 },
    { "nodeid": 2, "depth": 1, "split": 10, "split_condition": 0.484224, "yes": 3, "no": 4, "missing": 3, "gain": 7.06633, "cover": 6.11111, "children": [
      { "nodeid": 3, "depth": 2, "split": 11, "split_condition": -0.384615, "yes": 5, "no": 6, "missing": 5, "gain": 3.71318, "cover": 4.72222, "children": [
        { "nodeid": 5, "leaf": 0.23494, "cover": 3.61111 },
        { "nodeid": 6, "leaf": 0.0157895, "cover": 1.11111 }
      ]},
      { "nodeid": 4, "leaf": -0.0348837, "cover": 1.38889 }
    ]}
  ]},
  { "nodeid": 0, "depth": 0, "split": 12, "split_condition": 0.318185, "yes": 1, "no": 2, "missing": 1, "gain": 21.4542, "cover": 25.8333, "children": [
    { "nodeid": 1, "depth": 1, "split": 11, "split_condition": -0.51282, "yes": 3, "no": 4, "missing": 3, "gain": 4.21475, "cover": 18.3333, "children": [
      { "nodeid": 3, "depth": 2, "split": 6, "split_condition": -0.0542189, "yes": 7, "no": 8, "missing": 7, "gain": 10.0977, "cover": 6.66667, "children": [
        { "nodeid": 7, "leaf": 0.175862, "cover": 2.22222 },
        { "nodeid": 8, "leaf": -0.0489796, "cover": 4.44444 }
      ]},
      { "nodeid": 4, "leaf": -0.0552632, "cover": 11.6667 }
    ]},
    { "nodeid": 2, "depth": 1, "split": 10, "split_condition": 0.36098, "yes": 5, "no": 6, "missing": 5, "gain": 10.7982, "cover": 7.5, "children": [
      { "nodeid": 5, "depth": 2, "split": 6, "split_condition": -0.0625397, "yes": 9, "no": 10, "missing": 9, "gain": 0.756383, "cover": 5.83333, "children": [
        { "nodeid": 9, "leaf": 0.247573, "cover": 4.72222 },
        { "nodeid": 10, "leaf": 0.0631579, "cover": 1.11111 }
      ]},
      { "nodeid": 6, "leaf": -0.0375, "cover": 1.66667 }
    ]}
  ]},
  { "nodeid": 0, "depth": 0, "split": 10, "split_condition": 0.282982, "yes": 1, "no": 2, "missing": 1, "gain": 29.6404, "cover": 25.8333, "children": [
    { "nodeid": 1, "depth": 1, "split": 2, "split_condition": 0.10307, "yes": 3, "no": 4, "missing": 3, "gain": 0.757546, "cover": 21.9444, "children": [
      { "nodeid": 3, "leaf": 0.0157895, "cover": 1.11111 },
      { "nodeid": 4, "leaf": -0.0572519, "cover": 20.8333 }
    ]},
    { "nodeid": 2, "leaf": 0.218182, "cover": 3.88889 }
  ]}
]
