[
  { "nodeid": 0, "depth": 0, "split": 10, "split_condition": -0.0762427, "yes": 1, "no": 2, "missing": 1, "gain": 8.67846, "cover": 18.0556, "children": [
    { "nodeid": 1, "depth": 1, "split": 4, "split_condition": -0.243167, "yes": 3, "no": 4, "missing": 3, "gain": 7.58447, "cover": 6.38889, "children": [
      { "nodeid": 3, "depth": 2, "split": 7, "split_condition": 0.185967, "yes": 7, "no": 8, "missing": 7, "gain": 2.51397, "cover": 4.16667, "children": [
        { "nodeid": 7, "leaf": 0.20137, "cover": 3.05556 },
        { "nodeid": 8, "leaf": 0.0157895, "cover": 1.11111 }
      ]},
      { "nodeid": 4, "leaf": -0.0413793, "cover": 2.22222 }
    ]},
    { "nodeid": 2, "depth": 1, "split": 9, "split_condition": 0.383046, "yes": 5, "no": 6, "missing": 5, "gain": 2.33957, "cover": 11.6667, "children": [
      { "nodeid": 5, "leaf": -0.0548077, "cover": 10.5556 },
      { "nodeid": 6, "leaf": 0.0631579, "cover": 1.11111 }
    ]}
  ]},
  { "nodeid": 0, "depth": 0, "split": 6, "split_condition": -0.393751, "yes": 1, "no": 2, "missing": 1, "gain": 9.54734, "cover": 19.7222, "children": [
    { "nodeid": 1, "depth": 1, "split": 4, "split_condition": -0.116497, "yes": 3, "no": 4, "missing": 3, "gain": 2.17636, "cover": 3.33333, "children": [
      { "nodeid": 3, "leaf": 0.164151, "cover": 1.94444 },
      { "nodeid": 4, "leaf": 0.00697674, "cover": 1.38889 }
    ]},
    { "nodeid": 2, "depth": 1, "split": 2, "split_condition": 0.232794, "yes": 5, "no": 6, "missing": 5, "gain": 0.727527, "cover": 16.3889, "children": [
      { "nodeid": 5, "leaf": -0.056314, "cover": 15.2778 },
      { "nodeid": 6, "leaf": 0.0157895, "cover": 1.11111 }
    ]}
  ]},
  { "nodeid": 0, "depth": 0, "split": 1, "split_condition": 0.126734, "yes": 1, "no": 2, "missing": 1, "gain": 26.1678, "cover": 19.1667, "children": [
    { "nodeid": 1, "leaf": -0.0564935, "cover": 16.1111 },
    { "nodeid": 2, "leaf": 0.226027, "cover": 3.05556 }
  ]},
  { "nodeid": 0, "depth": 0, "split": 6, "split_condition": 0.0102513, "yes": 1, "no": 2, "missing": 1, "gain": 9.32388, "cover": 19.1667, "children": [
    { "nodeid": 1, "leaf": -0.0563758, "cover": 15.5556 },
    { "nodeid": 2, "depth": 1, "split": 1, "split_condition": -0.251596, "yes": 3, "no": 4, "missing": 3, "gain": 5.18995, "cover": 3.61111, "children": [
      { "nodeid": 3, "leaf": -0.0348837, "cover": 1.38889 },
      { "nodeid": 4, "leaf": 0.175862, "cover": 2.22222 }
    ]}
  ]},
  { "nodeid": 0, "depth": 0, "split": 12, "split_condition": 0.75, "yes": 1, "no": 2, "missing": 1, "gain": 13.8725, "cover": 17.7778, "children": [
    { "nodeid": 1, "depth": 1, "split": 4, "split_condition": -0.581472, "yes": 3, "no": 4, "missing": 3, "gain": 3.98694, "cover": 15.5556, "children": [
      { "nodeid": 3, "leaf": 0.110526, "cover": 1.11111 },
      { "nodeid": 4, "depth": 2, "split": 5, "split_condition": 0.281467, "yes": 5, "no": 6, "missing": 5, "gain": 1.214, "cover": 14.4444, "children": [
        { "nodeid": 5, "leaf": -0.0545455, "cover": 10 },
        { "nodeid": 6, "depth": 3, "split": 11, "split_condition": -0.282055, "yes": 7, "no": 8, "missing": 7, "gain": 3.48162, "cover": 4.44444, "children": [
          { "nodeid": 7, "leaf": 0.110526, "cover": 1.11111 },
          { "nodeid": 8, "leaf": -0.0461538, "cover": 3.33333 }
        ]}
      ]}
    ]},
    { "nodeid": 2, "leaf": 0.206897, "cover": 2.22222 }
  ]},
  { "nodeid": 0, "depth": 0, "split": 10, "split_condition": 0.282982, "yes": 1, "no": 2, "missing": 1, "gain": 8.09179, "cover": 17.2222, "children": [
    { "nodeid": 1, "depth": 1, "split": 2, "split_condition": 0.104482, "yes": 3, "no": 4, "missing": 3, "gain": 0.725521, "cover": 16.1111, "children": [
      { "nodeid": 3, "leaf": 0.0157895, "cover": 1.11111 },
      { "nodeid": 4, "leaf": -0.05625, "cover": 15 }
    ]},
    { "nodeid": 2, "leaf": 0.157895, "cover": 1.11111 }
  ]}
]
