[
  { "nodeid": 0, "depth": 0, "split": 12, "split_condition": -0.17778, "yes": 1, "no": 2, "missing": 1, "gain": 24.4024, "cover": 28.8889, "children": [
    { "nodeid": 1, "depth": 1, "split": 8, "split_condition": 0.166221, "yes": 3, "no": 4, "missing": 3, "gain": 20.1103, "cover": 14.1667, "children": [
      { "nodeid": 3, "depth": 2, "split": 2, "split_condition": 0.181768, "yes": 5, "no": 6, "missing": 5, "gain": 2.6529, "cover": 7.77778, "children": [
        { "nodeid": 5, "leaf": 0.245865, "cover": 6.38889 },
        { "nodeid": 6, "leaf": 0.0488372, "cover": 1.38889 }
      ]},
      { "nodeid": 4, "depth": 2, "split": 1, "split_condition": -0.145727, "yes": 7, "no": 8, "missing": 7, "gain": 1.97776, "cover": 6.38889, "children": [
        { "nodeid": 7, "depth": 3, "split": 0, "split_condition": 0.170501, "yes": 9, "no": 10, "missing": 9, "gain": 1.9274, "cover": 2.22222, "children": [
          { "nodeid": 9, "leaf": 0.110526, "cover": 1.11111 },
          { "nodeid": 10, "leaf": -0.0315789, "cover": 1.11111 }
        ]},
        { "nodeid": 8, "leaf": -0.0483871, "cover": 4.16667 }
      ]}
    ]},
    { "nodeid": 2, "leaf": -0.0561837, "cover": 14.7222 }
  ]},
  { "nodeid": 0, "depth": 0, "split": 8, "split_condition": 0.193233, "yes": 1, "no": 2, "missing": 1, "gain": 8.91923, "cover": 28.8889, "children": [
    { "nodeid": 1, "depth": 1, "split": 2, "split_condition": 0.239974, "yes": 3, "no": 4, "missing": 3, "gain": 2.41974, "cover": 23.3333, "children": [
      { "nodeid": 3, "depth": 2, "split": 6, "split_condition": -0.457773, "yes": 7, "no": 8, "missing": 7, "gain": 0.758673, "cover": 22.2222, "children": [
        { "nodeid": 7, "leaf": 0.0157895, "cover": 1.11111 },
        { "nodeid": 8, "leaf": -0.0572864, "cover": 21.1111 }
      ]},
      { "nodeid": 4, "leaf": 0.0631579, "cover": 1.11111 }
    ]},
    { "nodeid": 2, "depth": 1, "split": 10, "split_condition": -0.187009, "yes": 5, "no": 6, "missing": 5, "gain": 5.69046, "cover": 5.55556, "children": [
      { "nodeid": 5, "depth": 2, "split": 5, "split_condition": 0.0896972, "yes": 9, "no": 10, "missing": 9, "gain": 1.99755, "cover": 3.61111, "children": [
        { "nodeid": 9, "leaf": 0.0157895, "cover": 1.11111 },
        { "nodeid": 10, "leaf": 0.185714, "cover": 2.5 }
      ]},
      { "nodeid": 6, "leaf": -0.0396226, "cover": 1.94444 }
    ]}
  ]},
  { "nodeid": 0, "depth": 0, "split": 1, "split_condition": -0.096034, "yes": 1, "no": 2, "missing": 1, "gain": 14.9596, "cover": 28.8889, "children": [
    { "nodeid": 1, "depth": 1, "split": 2, "split_condition": 0.212175, "yes": 3, "no": 4, "missing": 3, "gain": 0.762928, "cover": 23.3333, "children": [
      { "nodeid": 3, "leaf": -0.0574163, "cover": 22.2222 },
      { "nodeid": 4, "leaf": 0.0157895, "cover": 1.11111 }
    ]},
    { "nodeid": 2, "depth": 1, "split": 7, "split_condition": 0.131457, "yes": 5, "no": 6, "missing": 5, "gain": 5.83761, "cover": 5.55556, "children": [
      { "nodeid": 5, "depth": 2, "split": 0, "split_condition": 0.193055, "yes": 7, "no": 8, "missing": 7, "gain": 0.228675, "cover": 2.22222, "children": [
        { "nodeid": 7, "leaf": 0.0157895, "cover": 1.11111 },
        { "nodeid": 8, "leaf": -0.0315789, "cover": 1.11111 }
      ]},
      { "nodeid": 6, "leaf": 0.184615, "cover": 3.33333 }
    ]}
  ]},
  { "nodeid": 0, "depth": 0, "split": 6, "split_condition": 0.120261, "yes": 1, "no": 2, "missing": 1, "gain": 21.6808, "cover": 28.8889, "children": [
    { "nodeid": 1, "leaf": -0.0575342, "cover": 23.3333 },
    { "nodeid": 2, "depth": 1, "split": 1, "split_condition": -0.426151, "yes": 3, "no": 4, "missing": 3, "gain": 9.39349, "cover": 5.55556, "children": [
      { "nodeid": 3, "leaf": -0.0375, "cover": 1.66667 },
      { "nodeid": 4, "leaf": 0.218182, "cover": 3.88889 }
    ]}
  ]},
  { "nodeid": 0, "depth": 0, "split": 12, "split_condition": 0, "yes": 1, "no": 2, "missing": 1, "gain": 21.8363, "cover": 28.8889, "children": [
    { "nodeid": 1, "depth": 1, "split": 7, "split_condition": 0.0953066, "yes": 3, "no": 4, "missing": 3, "gain": 0.375047, "cover": 15, "children": [
      { "nodeid": 3, "leaf": -0.00566038, "cover": 1.94444 },
      { "nodeid": 4, "leaf": -0.0557312, "cover": 13.0556 }
    ]},
    { "nodeid": 2, "depth": 1, "split": 6, "split_condition": -0.000743532, "yes": 5, "no": 6, "missing": 5, "gain": 32.776, "cover": 13.8889, "children": [
      { "nodeid": 5, "depth": 2, "split": 1, "split_condition": -0.391929, "yes": 7, "no": 8, "missing": 7, "gain": 1.16792, "cover": 7.77778, "children": [
        { "nodeid": 7, "leaf": 0.0631579, "cover": 1.11111 },
        { "nodeid": 8, "leaf": 0.26087, "cover": 6.66667 }
      ]},
      { "nodeid": 6, "leaf": -0.0515625, "cover": 6.11111 }
    ]}
  ]},
  { "nodeid": 0, "depth": 0, "split": 10, "split_condition": 0.133972, "yes": 1, "no": 2, "missing": 1, "gain": 27.979, "cover": 28.8889, "children": [
    { "nodeid": 1, "depth": 1, "split": 1, "split_condition": -0.411622, "yes": 3, "no": 4, "missing": 3, "gain": 0.769516, "cover": 25.2778, "children": [
      { "nodeid": 3, "leaf": 0.0157895, "cover": 1.11111 },
      { "nodeid": 4, "leaf": -0.0576159, "cover": 24.1667 }
    ]},
    { "nodeid": 2, "leaf": 0.213253, "cover": 3.61111 }
  ]}
]
