[
  { "nodeid": 0, "depth": 0, "split": 12, "split_condition": -0.266665, "yes": 1, "no": 2, "missing": 1, "gain": 11.4349, "cover": 17.5, "children": [
    { "nodeid": 1, "depth": 1, "split": 8, "split_condition": 0.191527, "yes": 3, "no": 4, "missing": 3, "gain": 8.80952, "cover": 7.5, "children": [
      { "nodeid": 3, "depth": 2, "split": 10, "split_condition": -0.287857, "yes": 5, "no": 6, "missing": 5, "gain": 2.4996, "cover": 5, "children": [
        { "nodeid": 5, "leaf": 0.0157895, "cover": 1.11111 },
        { "nodeid": 6, "depth": 3, "split": 1, "split_condition": 0.00185933, "yes": 7, "no": 8, "missing": 7, "gain": 0.110822, "cover": 3.88889, "children": [
          { "nodeid": 7, "leaf": 0.220588, "cover": 2.77778 },
          { "nodeid": 8, "leaf": 0.0631579, "cover": 1.11111 }
        ]}
      ]},
      { "nodeid": 4, "leaf": -0.0428571, "cover": 2.5 }
    ]},
    { "nodeid": 2, "leaf": -0.0545455, "cover": 10 }
  ]},
  { "nodeid": 0, "depth": 0, "split": 8, "split_condition": 0.210742, "yes": 1, "no": 2, "missing": 1, "gain": 9.39996, "cover": 19.7222, "children": [
    { "nodeid": 1, "leaf": -0.0564935, "cover": 16.1111 },
    { "nodeid": 2, "depth": 1, "split": 5, "split_condition": -0.0211486, "yes": 3, "no": 4, "missing": 3, "gain": 3.78712, "cover": 3.61111, "children": [
      { "nodeid": 3, "leaf": -0.0315789, "cover": 1.11111 },
      { "nodeid": 4, "leaf": 0.157143, "cover": 2.5 }
    ]}
  ]},
  { "nodeid": 0, "depth": 0, "split": 1, "split_condition": -0.096034, "yes": 1, "no": 2, "missing": 1, "gain": 15.0482, "cover": 19.7222, "children": [
    { "nodeid": 1, "depth": 1, "split": 2, "split_condition": 0.212175, "yes": 3, "no": 4, "missing": 3, "gain": 0.72131, "cover": 15.5556, "children": [
      { "nodeid": 3, "leaf": -0.0561151, "cover": 14.4444 },
      { "nodeid": 4, "leaf": 0.0157895, "cover": 1.11111 }
    ]},
    { "nodeid": 2, "depth": 1, "split": 7, "split_condition": 0.0935266, "yes": 5, "no": 6, "missing": 5, "gain": 5.76863, "cover": 4.16667, "children": [
      { "nodeid": 5, "leaf": -0.0315789, "cover": 1.11111 },
      { "nodeid": 6, "leaf": 0.20137, "cover": 3.05556 }
    ]}
  ]},
  { "nodeid": 0, "depth": 0, "split": 6, "split_condition": 0.120261, "yes": 1, "no": 2, "missing": 1, "gain": 8.11737, "cover": 18.0556, "children": [
    { "nodeid": 1, "leaf": -0.05625, "cover": 15 },
    { "nodeid": 2, "depth": 1, "split": 1, "split_condition": -0.308995, "yes": 3, "no": 4, "missing": 3, "gain": 5.38488, "cover": 3.05556, "children": [
      { "nodeid": 3, "leaf": -0.0348837, "cover": 1.38889 },
      { "nodeid": 4, "leaf": 0.1875, "cover": 1.66667 }
    ]}
  ]},
  { "nodeid": 0, "depth": 0, "split": 12, "split_condition": 0, "yes": 1, "no": 2, "missing": 1, "gain": 17.1373, "cover": 17.5, "children": [
    { "nodeid": 1, "leaf": -0.0542553, "cover": 9.44444 },
    { "nodeid": 2, "depth": 1, "split": 6, "split_condition": 0.0678611, "yes": 3, "no": 4, "missing": 3, "gain": 17.1488, "cover": 8.05556, "children": [
      { "nodeid": 3, "leaf": 0.233333, "cover": 5 },
      { "nodeid": 4, "leaf": -0.0452055, "cover": 3.05556 }
    ]}
  ]},
  { "nodeid": 0, "depth": 0, "split": 10, "split_condition": 0.133972, "yes": 1, "no": 2, "missing": 1, "gain": 16.2897, "cover": 18.3333, "children": [
    { "nodeid": 1, "leaf": -0.0565495, "cover": 16.3889 },
    { "nodeid": 2, "leaf": 0.198113, "cover": 1.94444 }
  ]}
]
