[
  { "nodeid": 0, "depth": 0, "split": 11, "split_condition": -0.155555, "yes": 1, "no": 2, "missing": 1, "gain": 19.8875, "cover": 37.5, "children": [
    { "nodeid": 1, "depth": 1, "split": 12, "split_condition": -0.35714, "yes": 3, "no": 4, "missing": 3, "gain": 2.25384, "cover": 20.5556, "children": [
      { "nodeid": 3, "depth": 2, "split": 5, "split_condition": 0.259767, "yes": 7, "no": 8, "missing": 7, "gain": 2.7056, "cover": 3.05556, "children": [
        { "nodeid": 7, "leaf": -0.0396226, "cover": 1.94444 },
        { "nodeid": 8, "leaf": 0.110526, "cover": 1.11111 }
      ]},
      { "nodeid": 4, "leaf": -0.0567568, "cover": 17.5 }
    ]},
    { "nodeid": 2, "depth": 1, "split": 9, "split_condition": 0.184716, "yes": 5, "no": 6, "missing": 5, "gain": 14.4874, "cover": 16.9444, "children": [
      { "nodeid": 5, "depth": 2, "split": 11, "split_condition": 0.433335, "yes": 9, "no": 10, "missing": 9, "gain": 2.9357, "cover": 7.5, "children": [
        { "nodeid": 9, "depth": 3, "split": 3, "split_condition": -0.312881, "yes": 13, "no": 14, "missing": 13, "gain": 0.552632, "cover": 6.11111, "children": [
          { "nodeid": 13, "leaf": 0.0157895, "cover": 1.11111 },
          { "nodeid": 14, "leaf": -0.05, "cover": 5 }
        ]},
        { "nodeid": 10, "leaf": 0.0906977, "cover": 1.38889 }
      ]},
      { "nodeid": 6, "depth": 2, "split": 4, "split_condition": -0.0422703, "yes": 11, "no": 12, "missing": 11, "gain": 8.38953, "cover": 9.44444, "children": [
        { "nodeid": 11, "leaf": 0.241463, "cover": 5.83333 },
        { "nodeid": 12, "depth": 3, "split": 0, "split_condition": 0.194867, "yes": 15, "no": 16, "missing": 15, "gain": 2.3725, "cover": 3.61111, "children": [
          { "nodeid": 15, "leaf": 0.0962264, "cover": 1.94444 },
          { "nodeid": 16, "leaf": -0.0375, "cover": 1.66667 }
        ]}
      ]}
    ]}
  ]},
  { "nodeid": 0, "depth": 0, "split": 6, "split_condition": -0.481558, "yes": 1, "no": 2, "missing": 1, "gain": 43.9303, "cover": 37.2222, "children": [
    { "nodeid": 1, "depth": 1, "split": 5, "split_condition": -0.0970857, "yes": 3, "no": 4, "missing": 3, "gain": 4.34317, "cover": 7.22222, "children": [
      { "nodeid": 3, "leaf": 0.0157895, "cover": 1.11111 },
      { "nodeid": 4, "leaf": 0.24375, "cover": 6.11111 }
    ]},
    { "nodeid": 2, "depth": 1, "split": 5, "split_condition": 0.677775, "yes": 5, "no": 6, "missing": 5, "gain": 4.46899, "cover": 30, "children": [
      { "nodeid": 5, "depth": 2, "split": 2, "split_condition": 0.353294, "yes": 7, "no": 8, "missing": 7, "gain": 0.778809, "cover": 28.6111, "children": [
        { "nodeid": 7, "leaf": -0.0578947, "cover": 27.5 },
        { "nodeid": 8, "leaf": 0.0157895, "cover": 1.11111 }
      ]},
      { "nodeid": 6, "leaf": 0.0906977, "cover": 1.38889 }
    ]}
  ]},
  { "nodeid": 0, "depth": 0, "split": 12, "split_condition": -0.585715, "yes": 1, "no": 2, "missing": 1, "gain": 5.91069, "cover": 36.9444, "children": [
    { "nodeid": 1, "depth": 1, "split": 4, "split_condition": -0.10103, "yes": 3, "no": 4, "missing": 3, "gain": 4.45165, "cover": 10.5556, "children": [
      { "nodeid": 3, "depth": 2, "split": 1, "split_condition": -0.117762, "yes": 7, "no": 8, "missing": 7, "gain": 9.12034, "cover": 4.44444, "children": [
        { "nodeid": 7, "leaf": -0.0413793, "cover": 2.22222 },
        { "nodeid": 8, "leaf": 0.206897, "cover": 2.22222 }
      ]},
      { "nodeid": 4, "depth": 2, "split": 0, "split_condition": 0.125193, "yes": 9, "no": 10, "missing": 9, "gain": 1.95148, "cover": 6.11111, "children": [
        { "nodeid": 9, "leaf": 0.0631579, "cover": 1.11111 },
        { "nodeid": 10, "leaf": -0.05, "cover": 5 }
      ]}
    ]},
    { "nodeid": 2, "depth": 1, "split": 1, "split_condition": 0.331881, "yes": 5, "no": 6, "missing": 5, "gain": 0.772863, "cover": 26.3889, "children": [
      { "nodeid": 5, "leaf": -0.0577167, "cover": 25.2778 },
      { "nodeid": 6, "leaf": 0.0157895, "cover": 1.11111 }
    ]}
  ]},
  { "nodeid": 0, "depth": 0, "split": 6, "split_condition": 0.100947, "yes": 1, "no": 2, "missing": 1, "gain": 8.98981, "cover": 36.3889, "children": [
    { "nodeid": 1, "depth": 1, "split": 8, "split_condition": 0.263246, "yes": 3, "no": 4, "missing": 3, "gain": 1.94451, "cover": 26.6667, "children": [
      { "nodeid": 3, "leaf": -0.0576923, "cover": 25 },
      { "nodeid": 4, "leaf": 0.0375, "cover": 1.66667 }
    ]},
    { "nodeid": 2, "depth": 1, "split": 1, "split_condition": -0.368099, "yes": 5, "no": 6, "missing": 5, "gain": 12.7316, "cover": 9.72222, "children": [
      { "nodeid": 5, "depth": 2, "split": 4, "split_condition": 0.423524, "yes": 7, "no": 8, "missing": 7, "gain": 0.54091, "cover": 5.83333, "children": [
        { "nodeid": 7, "leaf": -0.0495146, "cover": 4.72222 },
        { "nodeid": 8, "leaf": 0.0157895, "cover": 1.11111 }
      ]},
      { "nodeid": 6, "depth": 2, "split": 3, "split_condition": 0.0265563, "yes": 9, "no": 10, "missing": 9, "gain": 1.27756, "cover": 3.88889, "children": [
        { "nodeid": 9, "leaf": 0.214286, "cover": 2.5 },
        { "nodeid": 10, "leaf": 0.0488372, "cover": 1.38889 }
      ]}
    ]}
  ]},
  { "nodeid": 0, "depth": 0, "split": 12, "split_condition": -0.119049, "yes": 1, "no": 2, "missing": 1, "gain": 31.8204, "cover": 39.1667, "children": [
    { "nodeid": 1, "depth": 1, "split": 1, "split_condition": -0.454732, "yes": 3, "no": 4, "missing": 3, "gain": 0.74745, "cover": 19.7222, "children": [
      { "nodeid": 3, "leaf": 0.0157895, "cover": 1.11111 },
      { "nodeid": 4, "leaf": -0.0569405, "cover": 18.6111 }
    ]},
    { "nodeid": 2, "depth": 1, "split": 6, "split_condition": -0.00584644, "yes": 5, "no": 6, "missing": 5, "gain": 12.0928, "cover": 19.4444, "children": [
      { "nodeid": 5, "depth": 2, "split": 1, "split_condition": -0.0874723, "yes": 7, "no": 8, "missing": 7, "gain": 8.72396, "cover": 8.61111, "children": [
        { "nodeid": 7, "depth": 3, "split": 1, "split_condition": -0.416949, "yes": 11, "no": 12, "missing": 11, "gain": 1.11897, "cover": 7.5, "children": [
          { "nodeid": 11, "leaf": 0.0631579, "cover": 1.11111 },
          { "nodeid": 12, "leaf": 0.259398, "cover": 6.38889 }
        ]},
        { "nodeid": 8, "leaf": -0.0315789, "cover": 1.11111 }
      ]},
      { "nodeid": 6, "depth": 2, "split": 7, "split_condition": 0.16896, "yes": 9, "no": 10, "missing": 9, "gain": 4.98439, "cover": 10.8333, "children": [
        { "nodeid": 9, "leaf": -0.0461538, "cover": 3.33333 },
        { "nodeid": 10, "depth": 3, "split": 3, "split_condition": 0.179287, "yes": 13, "no": 14, "missing": 13, "gain": 3.43868, "cover": 7.5, "children": [
          { "nodeid": 13, "depth": 4, "split": 8, "split_condition": 0.294449, "yes": 15, "no": 16, "missing": 15, "gain": 2.98948, "cover": 6.11111, "children": [
            { "nodeid": 15, "depth": 5, "split": 10, "split_condition": 0.57557, "yes": 17, "no": 18, "missing": 17, "gain": 2.06676, "cover": 4.44444, "children": [
              { "nodeid": 17, "leaf": 0.184615, "cover": 3.33333 },
              { "nodeid": 18, "leaf": 0.0157895, "cover": 1.11111 }
            ]},
            { "nodeid": 16, "leaf": -1.67638e-009, "cover": 1.66667 }
          ]},
          { "nodeid": 14, "leaf": -0.0348837, "cover": 1.38889 }
        ]}
      ]}
    ]}
  ]},
  { "nodeid": 0, "depth": 0, "split": 10, "split_condition": 0.502111, "yes": 1, "no": 2, "missing": 1, "gain": 16.8635, "cover": 36.6667, "children": [
    { "nodeid": 1, "depth": 1, "split": 3, "split_condition": 0.22313, "yes": 3, "no": 4, "missing": 3, "gain": 2.53428, "cover": 32.5, "children": [
      { "nodeid": 3, "depth": 2, "split": 2, "split_condition": 0.0952829, "yes": 7, "no": 8, "missing": 7, "gain": 0.785102, "cover": 31.3889, "children": [
        { "nodeid": 7, "leaf": 0.0157895, "cover": 1.11111 },
        { "nodeid": 8, "leaf": -0.0580817, "cover": 30.2778 }
      ]},
      { "nodeid": 4, "leaf": 0.0631579, "cover": 1.11111 }
    ]},
    { "nodeid": 2, "depth": 1, "split": 12, "split_condition": 0.49524, "yes": 5, "no": 6, "missing": 5, "gain": 5.18433, "cover": 4.16667, "children": [
      { "nodeid": 5, "leaf": 0.214286, "cover": 2.5 },
      { "nodeid": 6, "leaf": -1.67638e-009, "cover": 1.66667 }
    ]}
  ]}
]
