[
  { "nodeid": 0, "depth": 0, "split": 11, "split_condition": -0.240385, "yes": 1, "no": 2, "missing": 1, "gain": 18.4812, "cover": 37.7778, "children": [
    { "nodeid": 1, "depth": 1, "split": 0, "split_condition": 0.241104, "yes": 3, "no": 4, "missing": 3, "gain": 0.397723, "cover": 18.3333, "children": [
      { "nodeid": 3, "leaf": -0.0565495, "cover": 16.3889 },
      { "nodeid": 4, "leaf": -0.00566038, "cover": 1.94444 }
    ]},
    { "nodeid": 2, "depth": 1, "split": 4, "split_condition": -0.132983, "yes": 5, "no": 6, "missing": 5, "gain": 11.5877, "cover": 19.4444, "children": [
      { "nodeid": 5, "depth": 2, "split": 10, "split_condition": 0.0496982, "yes": 7, "no": 8, "missing": 7, "gain": 10.6343, "cover": 10, "children": [
        { "nodeid": 7, "depth": 3, "split": 6, "split_condition": -0.320647, "yes": 11, "no": 12, "missing": 11, "gain": 6.04106, "cover": 8.05556, "children": [
          { "nodeid": 11, "leaf": 0.0283019, "cover": 1.94444 },
          { "nodeid": 12, "leaf": 0.24375, "cover": 6.11111 }
        ]},
        { "nodeid": 8, "leaf": -0.0396226, "cover": 1.94444 }
      ]},
      { "nodeid": 6, "depth": 2, "split": 11, "split_condition": 0.39231, "yes": 9, "no": 10, "missing": 9, "gain": 3.45107, "cover": 9.44444, "children": [
        { "nodeid": 9, "depth": 3, "split": 3, "split_condition": 0.00793962, "yes": 13, "no": 14, "missing": 13, "gain": 0.69703, "cover": 7.5, "children": [
          { "nodeid": 13, "leaf": -0.0495146, "cover": 4.72222 },
          { "nodeid": 14, "depth": 4, "split": 5, "split_condition": 0.148596, "yes": 15, "no": 16, "missing": 15, "gain": 1.18769, "cover": 2.77778, "children": [
            { "nodeid": 15, "leaf": -0.0375, "cover": 1.66667 },
            { "nodeid": 16, "leaf": 0.0631579, "cover": 1.11111 }
          ]}
        ]},
        { "nodeid": 10, "leaf": 0.0962264, "cover": 1.94444 }
      ]}
    ]}
  ]},
  { "nodeid": 0, "depth": 0, "split": 6, "split_condition": -0.4798, "yes": 1, "no": 2, "missing": 1, "gain": 51.2963, "cover": 36.9444, "children": [
    { "nodeid": 1, "depth": 1, "split": 9, "split_condition": -0.105924, "yes": 3, "no": 4, "missing": 3, "gain": 2.35948, "cover": 8.33333, "children": [
      { "nodeid": 3, "leaf": 0.0488372, "cover": 1.38889 },
      { "nodeid": 4, "leaf": 0.237063, "cover": 6.94444 }
    ]},
    { "nodeid": 2, "depth": 1, "split": 6, "split_condition": -0.399712, "yes": 5, "no": 6, "missing": 5, "gain": 0.435992, "cover": 28.6111, "children": [
      { "nodeid": 5, "leaf": -0.00566038, "cover": 1.94444 },
      { "nodeid": 6, "leaf": -0.0578313, "cover": 26.6667 }
    ]}
  ]},
  { "nodeid": 0, "depth": 0, "split": 1, "split_condition": 0.10386, "yes": 1, "no": 2, "missing": 1, "gain": 11.553, "cover": 37.2222, "children": [
    { "nodeid": 1, "leaf": -0.0579545, "cover": 28.3333 },
    { "nodeid": 2, "depth": 1, "split": 2, "split_condition": 0.228191, "yes": 3, "no": 4, "missing": 3, "gain": 9.02966, "cover": 8.88889, "children": [
      { "nodeid": 3, "depth": 2, "split": 0, "split_condition": 0.17915, "yes": 5, "no": 6, "missing": 5, "gain": 1.05564, "cover": 3.61111, "children": [
        { "nodeid": 5, "leaf": 0.206897, "cover": 2.22222 },
        { "nodeid": 6, "leaf": 0.0488372, "cover": 1.38889 }
      ]},
      { "nodeid": 4, "depth": 2, "split": 4, "split_condition": -0.063923, "yes": 7, "no": 8, "missing": 7, "gain": 1.83497, "cover": 5.27778, "children": [
        { "nodeid": 7, "leaf": 0.0631579, "cover": 1.11111 },
        { "nodeid": 8, "leaf": -0.0483871, "cover": 4.16667 }
      ]}
    ]}
  ]},
  { "nodeid": 0, "depth": 0, "split": 6, "split_condition": 0.00980809, "yes": 1, "no": 2, "missing": 1, "gain": 9.91278, "cover": 36.6667, "children": [
    { "nodeid": 1, "depth": 1, "split": 7, "split_condition": 0.23571, "yes": 3, "no": 4, "missing": 3, "gain": 2.87467, "cover": 25.8333, "children": [
      { "nodeid": 3, "leaf": -0.0575342, "cover": 23.3333 },
      { "nodeid": 4, "depth": 2, "split": 4, "split_condition": -0.129082, "yes": 7, "no": 8, "missing": 7, "gain": 2.22679, "cover": 2.5, "children": [
        { "nodeid": 7, "leaf": -0.0348837, "cover": 1.38889 },
        { "nodeid": 8, "leaf": 0.110526, "cover": 1.11111 }
      ]}
    ]},
    { "nodeid": 2, "depth": 1, "split": 10, "split_condition": 0.440457, "yes": 5, "no": 6, "missing": 5, "gain": 11.665, "cover": 10.8333, "children": [
      { "nodeid": 5, "depth": 2, "split": 5, "split_condition": 0.342194, "yes": 9, "no": 10, "missing": 9, "gain": 3.05911, "cover": 6.11111, "children": [
        { "nodeid": 9, "depth": 3, "split": 12, "split_condition": 0.16234, "yes": 11, "no": 12, "missing": 11, "gain": 0.215219, "cover": 4.72222, "children": [
          { "nodeid": 11, "depth": 4, "split": 0, "split_condition": 0.116927, "yes": 13, "no": 14, "missing": 13, "gain": 0.424682, "cover": 2.22222, "children": [
            { "nodeid": 13, "leaf": 0.110526, "cover": 1.11111 },
            { "nodeid": 14, "leaf": 0.0157895, "cover": 1.11111 }
          ]},
          { "nodeid": 12, "leaf": 0.214286, "cover": 2.5 }
        ]},
        { "nodeid": 10, "leaf": 0.00697674, "cover": 1.38889 }
      ]},
      { "nodeid": 6, "leaf": -0.0495146, "cover": 4.72222 }
    ]}
  ]},
  { "nodeid": 0, "depth": 0, "split": 11, "split_condition": -0.240385, "yes": 1, "no": 2, "missing": 1, "gain": 22.9505, "cover": 40.2778, "children": [
    { "nodeid": 1, "depth": 1, "split": 4, "split_condition": -0.144704, "yes": 3, "no": 4, "missing": 3, "gain": 13.6522, "cover": 18.8889, "children": [
      { "nodeid": 3, "depth": 2, "split": 3, "split_condition": -0.052954, "yes": 7, "no": 8, "missing": 7, "gain": 0.446273, "cover": 6.11111, "children": [
        { "nodeid": 7, "leaf": 0.233333, "cover": 5 },
        { "nodeid": 8, "leaf": 0.0631579, "cover": 1.11111 }
      ]},
      { "nodeid": 4, "depth": 2, "split": 7, "split_condition": 0.170674, "yes": 9, "no": 10, "missing": 9, "gain": 4.71741, "cover": 12.7778, "children": [
        { "nodeid": 9, "depth": 3, "split": 3, "split_condition": -0.239623, "yes": 13, "no": 14, "missing": 13, "gain": 1.95148, "cover": 6.11111, "children": [
          { "nodeid": 13, "leaf": 0.0631579, "cover": 1.11111 },
          { "nodeid": 14, "leaf": -0.05, "cover": 5 }
        ]},
        { "nodeid": 10, "depth": 3, "split": 1, "split_condition": -0.962546, "yes": 15, "no": 16, "missing": 15, "gain": 2.78532, "cover": 6.66667, "children": [
          { "nodeid": 15, "leaf": -0.0315789, "cover": 1.11111 },
          { "nodeid": 16, "depth": 4, "split": 2, "split_condition": 0.134179, "yes": 17, "no": 18, "missing": 17, "gain": 0.964081, "cover": 5.55556, "children": [
            { "nodeid": 17, "leaf": 0.0157895, "cover": 1.11111 },
            { "nodeid": 18, "depth": 5, "split": 4, "split_condition": 0.239453, "yes": 19, "no": 20, "missing": 19, "gain": 2.79846, "cover": 4.44444, "children": [
              { "nodeid": 19, "leaf": 0.176712, "cover": 3.05556 },
              { "nodeid": 20, "leaf": 0.00697674, "cover": 1.38889 }
            ]}
          ]}
        ]}
      ]}
    ]},
    { "nodeid": 2, "depth": 1, "split": 6, "split_condition": 0.0775556, "yes": 5, "no": 6, "missing": 5, "gain": 1.48221, "cover": 21.3889, "children": [
      { "nodeid": 5, "depth": 2, "split": 1, "split_condition": -0.425809, "yes": 11, "no": 12, "missing": 11, "gain": 0.746035, "cover": 19.4444, "children": [
        { "nodeid": 11, "leaf": 0.0157895, "cover": 1.11111 },
        { "nodeid": 12, "leaf": -0.0568965, "cover": 18.3333 }
      ]},
      { "nodeid": 6, "leaf": 0.0283019, "cover": 1.94444 }
    ]}
  ]},
  { "nodeid": 0, "depth": 0, "split": 10, "split_condition": 0.484224, "yes": 1, "no": 2, "missing": 1, "gain": 19.5423, "cover": 35.8333, "children": [
    { "nodeid": 1, "depth": 1, "split": 2, "split_condition": 0.123008, "yes": 3, "no": 4, "missing": 3, "gain": 1.11041, "cover": 31.3889, "children": [
      { "nodeid": 3, "depth": 2, "split": 1, "split_condition": -0.199519, "yes": 7, "no": 8, "missing": 7, "gain": 1.29752, "cover": 3.05556, "children": [
        { "nodeid": 7, "leaf": -0.0396226, "cover": 1.94444 },
        { "nodeid": 8, "leaf": 0.0631579, "cover": 1.11111 }
      ]},
      { "nodeid": 4, "leaf": -0.0579545, "cover": 28.3333 }
    ]},
    { "nodeid": 2, "depth": 1, "split": 12, "split_condition": 0.47619, "yes": 5, "no": 6, "missing": 5, "gain": 3.70173, "cover": 4.44444, "children": [
      { "nodeid": 5, "leaf": 0.20137, "cover": 3.05556 },
      { "nodeid": 6, "leaf": 0.00697674, "cover": 1.38889 }
    ]}
  ]}
]
