[
  { "nodeid": 0, "depth": 0, "split": 12, "split_condition": -0.266665, "yes": 1, "no": 2, "missing": 1, "gain": 14.1264, "cover": 15, "children": [
    { "nodeid": 1, "depth": 1, "split": 8, "split_condition": 0.191527, "yes": 3, "no": 4, "missing": 3, "gain": 9.55097, "cover": 6.11111, "children": [
      { "nodeid": 3, "leaf": 0.203226, "cover": 4.16667 },
      { "nodeid": 4, "leaf": -0.0396226, "cover": 1.94444 }
    ]},
    { "nodeid": 2, "leaf": -0.0539326, "cover": 8.88889 }
  ]},
  { "nodeid": 0, "depth": 0, "split": 8, "split_condition": 0.20995, "yes": 1, "no": 2, "missing": 1, "gain": 8.4569, "cover": 17.2222, "children": [
    { "nodeid": 1, "depth": 1, "split": 1, "split_condition": -0.0720235, "yes": 3, "no": 4, "missing": 3, "gain": 2.43678, "cover": 14.7222, "children": [
      { "nodeid": 3, "leaf": -0.0558935, "cover": 13.6111 },
      { "nodeid": 4, "leaf": 0.0631579, "cover": 1.11111 }
    ]},
    { "nodeid": 2, "depth": 1, "split": 1, "split_condition": -0.434494, "yes": 5, "no": 6, "missing": 5, "gain": 1.53436, "cover": 2.5, "children": [
      { "nodeid": 5, "leaf": 0.0157895, "cover": 1.11111 },
      { "nodeid": 6, "leaf": 0.174419, "cover": 1.38889 }
    ]}
  ]},
  { "nodeid": 0, "leaf": -0.0567073, "cover": 17.2222 },
  { "nodeid": 0, "depth": 0, "split": 6, "split_condition": 0.0835905, "yes": 1, "no": 2, "missing": 1, "gain": 9.4358, "cover": 15.2778, "children": [
    { "nodeid": 1, "leaf": -0.0556452, "cover": 12.7778 },
    { "nodeid": 2, "depth": 1, "split": 1, "split_condition": -0.380775, "yes": 3, "no": 4, "missing": 3, "gain": 1.53436, "cover": 2.5, "children": [
      { "nodeid": 3, "leaf": 0.0157895, "cover": 1.11111 },
      { "nodeid": 4, "leaf": 0.174419, "cover": 1.38889 }
    ]}
  ]},
  { "nodeid": 0, "depth": 0, "split": 12, "split_condition": 0.533335, "yes": 1, "no": 2, "missing": 1, "gain": 9.98026, "cover": 16.6667, "children": [
    { "nodeid": 1, "depth": 1, "split": 10, "split_condition": -0.124503, "yes": 3, "no": 4, "missing": 3, "gain": 2.25969, "cover": 11.9444, "children": [
      { "nodeid": 3, "leaf": -0.0521739, "cover": 6.66667 },
      { "nodeid": 4, "depth": 2, "split": 4, "split_condition": -0.0996961, "yes": 7, "no": 8, "missing": 7, "gain": 3.04864, "cover": 5.27778, "children": [
        { "nodeid": 7, "depth": 3, "split": 11, "split_condition": -0.2, "yes": 9, "no": 10, "missing": 9, "gain": 3.26935, "cover": 2.77778, "children": [
          { "nodeid": 9, "leaf": 0.15, "cover": 1.66667 },
          { "nodeid": 10, "leaf": -0.0315789, "cover": 1.11111 }
        ]},
        { "nodeid": 8, "leaf": -0.0428571, "cover": 2.5 }
      ]}
    ]},
    { "nodeid": 2, "depth": 1, "split": 6, "split_condition": -0.032179, "yes": 5, "no": 6, "missing": 5, "gain": 7.32767, "cover": 4.72222, "children": [
      { "nodeid": 5, "leaf": 0.207692, "cover": 3.33333 },
      { "nodeid": 6, "leaf": -0.0348837, "cover": 1.38889 }
    ]}
  ]},
  { "nodeid": 0, "depth": 0, "split": 10, "split_condition": 0.133972, "yes": 1, "no": 2, "missing": 1, "gain": 15.6434, "cover": 16.3889, "children": [
    { "nodeid": 1, "depth": 1, "split": 1, "split_condition": -0.385075, "yes": 3, "no": 4, "missing": 3, "gain": 0.70682, "cover": 13.8889, "children": [
      { "nodeid": 3, "leaf": 0.0157895, "cover": 1.11111 },
      { "nodeid": 4, "leaf": -0.0556452, "cover": 12.7778 }
    ]},
    { "nodeid": 2, "leaf": 0.185714, "cover": 2.5 }
  ]}
]
