[
  { "nodeid": 0, "depth": 0, "split": 11, "split_condition": -0.240385, "yes": 1, "no": 2, "missing": 1, "gain": 33.6766, "cover": 58.3333, "children": [
    { "nodeid": 1, "depth": 1, "split": 12, "split_condition": -0.35714, "yes": 3, "no": 4, "missing": 3, "gain": 1.0838, "cover": 27.5, "children": [
      { "nodeid": 3, "depth": 2, "split": 5, "split_condition": 0.259767, "yes": 7, "no": 8, "missing": 7, "gain": 1.29752, "cover": 3.05556, "children": [
        { "nodeid": 7, "leaf": -0.0396226, "cover": 1.94444 },
        { "nodeid": 8, "leaf": 0.0631579, "cover": 1.11111 }
      ]},
      { "nodeid": 4, "leaf": -0.0576419, "cover": 24.4444 }
    ]},
    { "nodeid": 2, "depth": 1, "split": 10, "split_condition": 0.0366074, "yes": 5, "no": 6, "missing": 5, "gain": 18.3778, "cover": 30.8333, "children": [
      { "nodeid": 5, "depth": 2, "split": 6, "split_condition": -0.559637, "yes": 9, "no": 10, "missing": 9, "gain": 16.6503, "cover": 23.8889, "children": [
        { "nodeid": 9, "depth": 3, "split": 11, "split_condition": 0.425, "yes": 13, "no": 14, "missing": 13, "gain": 2.67309, "cover": 5.83333, "children": [
          { "nodeid": 13, "leaf": -0.0483871, "cover": 4.16667 },
          { "nodeid": 14, "leaf": 0.075, "cover": 1.66667 }
        ]},
        { "nodeid": 10, "depth": 3, "split": 4, "split_condition": 0.200457, "yes": 15, "no": 16, "missing": 15, "gain": 4.45183, "cover": 18.0556, "children": [
          { "nodeid": 15, "depth": 4, "split": 9, "split_condition": 0.0802276, "yes": 17, "no": 18, "missing": 17, "gain": 3.46489, "cover": 16.6667, "children": [
            { "nodeid": 17, "depth": 5, "split": 3, "split_condition": -0.227111, "yes": 19, "no": 20, "missing": 19, "gain": 1.9274, "cover": 2.22222, "children": [
              { "nodeid": 19, "leaf": 0.110526, "cover": 1.11111 },
              { "nodeid": 20, "leaf": -0.0315789, "cover": 1.11111 }
            ]},
            { "nodeid": 18, "depth": 5, "split": 1, "split_condition": 0.060877, "yes": 21, "no": 22, "missing": 21, "gain": 1.79091, "cover": 14.4444, "children": [
              { "nodeid": 21, "leaf": 0.25082, "cover": 9.16667 },
              { "nodeid": 22, "leaf": 0.124779, "cover": 5.27778 }
            ]}
          ]},
          { "nodeid": 16, "leaf": 0.00697674, "cover": 1.38889 }
        ]}
      ]},
      { "nodeid": 6, "depth": 2, "split": 0, "split_condition": 0.0916156, "yes": 11, "no": 12, "missing": 11, "gain": 0.583077, "cover": 6.94444, "children": [
        { "nodeid": 11, "leaf": 0.0157895, "cover": 1.11111 },
        { "nodeid": 12, "leaf": -0.0512195, "cover": 5.83333 }
      ]}
    ]}
  ]},
  { "nodeid": 0, "depth": 0, "split": 6, "split_condition": -0.493996, "yes": 1, "no": 2, "missing": 1, "gain": 71.5645, "cover": 58.3333, "children": [
    { "nodeid": 1, "depth": 1, "split": 8, "split_condition": 0.212847, "yes": 3, "no": 4, "missing": 3, "gain": 2.74842, "cover": 11.9444, "children": [
      { "nodeid": 3, "depth": 2, "split": 0, "split_condition": 0.122457, "yes": 7, "no": 8, "missing": 7, "gain": 0.915649, "cover": 10, "children": [
        { "nodeid": 7, "leaf": 0.0631579, "cover": 1.11111 },
        { "nodeid": 8, "leaf": 0.249438, "cover": 8.88889 }
      ]},
      { "nodeid": 4, "leaf": 0.0622641, "cover": 1.94444 }
    ]},
    { "nodeid": 2, "depth": 1, "split": 6, "split_condition": -0.397867, "yes": 5, "no": 6, "missing": 5, "gain": 2.24236, "cover": 46.3889, "children": [
      { "nodeid": 5, "depth": 2, "split": 8, "split_condition": 0.17703, "yes": 9, "no": 10, "missing": 9, "gain": 2.8999, "cover": 3.33333, "children": [
        { "nodeid": 9, "leaf": 0.110526, "cover": 1.11111 },
        { "nodeid": 10, "leaf": -0.0413793, "cover": 2.22222 }
      ]},
      { "nodeid": 6, "depth": 2, "split": 5, "split_condition": 0.759045, "yes": 11, "no": 12, "missing": 11, "gain": 0.802906, "cover": 43.0556, "children": [
        { "nodeid": 11, "leaf": -0.0586028, "cover": 41.9444 },
        { "nodeid": 12, "leaf": 0.0157895, "cover": 1.11111 }
      ]}
    ]}
  ]},
  { "nodeid": 0, "depth": 0, "split": 1, "split_condition": 0.116071, "yes": 1, "no": 2, "missing": 1, "gain": 10.5189, "cover": 58.3333, "children": [
    { "nodeid": 1, "leaf": -0.0587264, "cover": 46.1111 },
    { "nodeid": 2, "depth": 1, "split": 2, "split_condition": 0.214536, "yes": 3, "no": 4, "missing": 3, "gain": 12.8912, "cover": 12.2222, "children": [
      { "nodeid": 3, "leaf": 0.184615, "cover": 3.33333 },
      { "nodeid": 4, "depth": 2, "split": 4, "split_condition": -0.0565235, "yes": 5, "no": 6, "missing": 5, "gain": 3.79691, "cover": 8.88889, "children": [
        { "nodeid": 5, "leaf": 0.0906977, "cover": 1.38889 },
        { "nodeid": 6, "leaf": -0.0529412, "cover": 7.5 }
      ]}
    ]}
  ]},
  { "nodeid": 0, "depth": 0, "split": 6, "split_condition": 0.00980809, "yes": 1, "no": 2, "missing": 1, "gain": 20.3191, "cover": 58.3333, "children": [
    { "nodeid": 1, "depth": 1, "split": 3, "split_condition": -0.790635, "yes": 3, "no": 4, "missing": 3, "gain": 2.22487, "cover": 41.1111, "children": [
      { "nodeid": 3, "leaf": 0.0488372, "cover": 1.38889 },
      { "nodeid": 4, "depth": 2, "split": 1, "split_condition": -0.809421, "yes": 7, "no": 8, "missing": 7, "gain": 0.798855, "cover": 39.7222, "children": [
        { "nodeid": 7, "leaf": 0.0157895, "cover": 1.11111 },
        { "nodeid": 8, "leaf": -0.0584853, "cover": 38.6111 }
      ]}
    ]},
    { "nodeid": 2, "depth": 1, "split": 1, "split_condition": -0.631123, "yes": 5, "no": 6, "missing": 5, "gain": 17.619, "cover": 17.2222, "children": [
      { "nodeid": 5, "leaf": -0.0518797, "cover": 6.38889 },
      { "nodeid": 6, "depth": 2, "split": 10, "split_condition": 0.484224, "yes": 9, "no": 10, "missing": 9, "gain": 5.11004, "cover": 10.8333, "children": [
        { "nodeid": 9, "depth": 3, "split": 4, "split_condition": -0.164062, "yes": 11, "no": 12, "missing": 11, "gain": 5.38755, "cover": 9.72222, "children": [
          { "nodeid": 11, "depth": 4, "split": 1, "split_condition": -0.175281, "yes": 13, "no": 14, "missing": 13, "gain": 0.914701, "cover": 2.22222, "children": [
            { "nodeid": 13, "leaf": -0.0315789, "cover": 1.11111 },
            { "nodeid": 14, "leaf": 0.0631579, "cover": 1.11111 }
          ]},
          { "nodeid": 12, "depth": 4, "split": 5, "split_condition": 0.18109, "yes": 15, "no": 16, "missing": 15, "gain": 2.05598, "cover": 7.5, "children": [
            { "nodeid": 15, "leaf": 0.229687, "cover": 6.11111 },
            { "nodeid": 16, "leaf": 0.0488372, "cover": 1.38889 }
          ]}
        ]},
        { "nodeid": 10, "leaf": -0.0315789, "cover": 1.11111 }
      ]}
    ]}
  ]},
  { "nodeid": 0, "depth": 0, "split": 12, "split_condition": -0.115799, "yes": 1, "no": 2, "missing": 1, "gain": 35.7451, "cover": 58.3333, "children": [
    { "nodeid": 1, "depth": 1, "split": 7, "split_condition": 0.286649, "yes": 3, "no": 4, "missing": 3, "gain": 4.08682, "cover": 29.4444, "children": [
      { "nodeid": 3, "leaf": -0.0579151, "cover": 27.7778 },
      { "nodeid": 4, "leaf": 0.075, "cover": 1.66667 }
    ]},
    { "nodeid": 2, "depth": 1, "split": 6, "split_condition": -0.0178939, "yes": 5, "no": 6, "missing": 5, "gain": 18.2309, "cover": 28.8889, "children": [
      { "nodeid": 5, "depth": 2, "split": 10, "split_condition": 0.441735, "yes": 7, "no": 8, "missing": 7, "gain": 10.1235, "cover": 11.6667, "children": [
        { "nodeid": 7, "depth": 3, "split": 1, "split_condition": -0.0653387, "yes": 11, "no": 12, "missing": 11, "gain": 10.2615, "cover": 10.2778, "children": [
          { "nodeid": 11, "leaf": 0.268786, "cover": 8.61111 },
          { "nodeid": 12, "leaf": -1.67638e-009, "cover": 1.66667 }
        ]},
        { "nodeid": 8, "leaf": -0.0348837, "cover": 1.38889 }
      ]},
      { "nodeid": 6, "depth": 2, "split": 7, "split_condition": 0.168209, "yes": 9, "no": 10, "missing": 9, "gain": 7.15063, "cover": 17.2222, "children": [
        { "nodeid": 9, "leaf": -0.0508475, "cover": 5.55556 },
        { "nodeid": 10, "depth": 3, "split": 1, "split_condition": -0.51655, "yes": 13, "no": 14, "missing": 13, "gain": 3.81289, "cover": 11.6667, "children": [
          { "nodeid": 13, "depth": 4, "split": 10, "split_condition": 0.991599, "yes": 15, "no": 16, "missing": 15, "gain": 6.30081, "cover": 5.55556, "children": [
            { "nodeid": 15, "leaf": 0.183871, "cover": 4.16667 },
            { "nodeid": 16, "leaf": -0.0348837, "cover": 1.38889 }
          ]},
          { "nodeid": 14, "depth": 4, "split": 10, "split_condition": -0.0861714, "yes": 17, "no": 18, "missing": 17, "gain": 3.6352, "cover": 6.11111, "children": [
            { "nodeid": 17, "leaf": 0.1125, "cover": 1.66667 },
            { "nodeid": 18, "depth": 5, "split": 1, "split_condition": -0.10883, "yes": 19, "no": 20, "missing": 19, "gain": 0.465504, "cover": 4.44444, "children": [
              { "nodeid": 19, "leaf": -0.0461538, "cover": 3.33333 },
              { "nodeid": 20, "leaf": 0.0157895, "cover": 1.11111 }
            ]}
          ]}
        ]}
      ]}
    ]}
  ]},
  { "nodeid": 0, "depth": 0, "split": 10, "split_condition": 0.469757, "yes": 1, "no": 2, "missing": 1, "gain": 51.894, "cover": 58.3333, "children": [
    { "nodeid": 1, "depth": 1, "split": 2, "split_condition": 0.122481, "yes": 3, "no": 4, "missing": 3, "gain": 0.822949, "cover": 50, "children": [
      { "nodeid": 3, "depth": 2, "split": 3, "split_condition": -0.125517, "yes": 7, "no": 8, "missing": 7, "gain": 1.55467, "cover": 3.88889, "children": [
        { "nodeid": 7, "leaf": -0.0441176, "cover": 2.77778 },
        { "nodeid": 8, "leaf": 0.0631579, "cover": 1.11111 }
      ]},
      { "nodeid": 4, "depth": 2, "split": 3, "split_condition": 0.354802, "yes": 9, "no": 10, "missing": 9, "gain": 0.806118, "cover": 46.1111, "children": [
        { "nodeid": 9, "leaf": -0.0586957, "cover": 45 },
        { "nodeid": 10, "leaf": 0.0157895, "cover": 1.11111 }
      ]}
    ]},
    { "nodeid": 2, "depth": 1, "split": 2, "split_condition": 0.251301, "yes": 5, "no": 6, "missing": 5, "gain": 3.9573, "cover": 8.33333, "children": [
      { "nodeid": 5, "leaf": 0.234783, "cover": 6.66667 },
      { "nodeid": 6, "leaf": 0.0375, "cover": 1.66667 }
    ]}
  ]}
]
